RazaoSocial;UF;TotalDespesas;MediaTrimestral;DesvioPadrao
AMIL ASSISTÃNCIA MÃDICA INTERNACIONAL S.A.;SP;21236530175,9;7078843391,966667;310591736,16844195
UNIMED DE CIANORTE - COOPERATIVA DE TRABALHO MEDICO ;PR;14301807632,83;4767269210,943333;1602031798,054195
UNIMED NACIONAL - COOPERATIVA CENTRAL;SP;9470460520,66;3156820173,5533333;128608108,88210839
HAPVIDA ASSISTENCIA MEDICA S.A.;CE;9010676490,62;3003558830,2066665;115500816,21234608
NOTRE DAME INTERMÃDICA SAÃDE S.A.;SP;8699706939,05;2899902313,0166664;158624362,1803499
CAIXA DE ASSISTÃNCIA DOS FUNCIONÃRIOS DO BANCO DO BRASIL;DF;6861582371,759999;2287194123,9199996;278054376,8010691
UNIMED FRANCISCO BELTRAO COOPERATIVA DE TRABALHO MEDICO;PR;6701332265,45;2233777421,8166666;502642558,4674383
UNIMED BELO HORIZONTE COOPERATIVA DE TRABALHO MÃDICO;MG;5522049808,4800005;1840683269,493333;41843984,30209779
BRADESCO SAÃDE - OPERADORA DE PLANOS  S/A;SP;4620596300,93;1540198766,9766667;339527537,22615075
GEAP AUTOGESTÃO EM SAÃDE;DF;4554460807,06;1518153602,3533332;243975719,2356965
PREVENT SENIOR PRIVATE OPERADORA DE SAÃDE LTDA;SP;4443613261,57;1481204420,5233333;254272057,2465444
UNIMED DO EST. DO RJ FEDERAÃÃO EST. DAS COOPERATIVAS MÃDICAS;RJ;4351008865,09;1450336288,3633335;103000467,52709527
ASSOCIAÃÃO PETROBRAS DE SAÃDE - APS;RJ;4205864458,6899996;1401954819,5633333;468172830,01380485
UNIMED PORTO ALEGRE - COOPERATIVA MÃDICA LTDA.;RS;4008947836,97;1336315945,6566668;34870945,12228543
SUL AMÃRICA PARANÃ CLÃNICAS SERVIÃOS DE SAÃDE S.A.;SP;3858603069,35;1286201023,1166668;247924779,22559848
UNIMED CURITIBA - SOCIEDADE COOPERATIVA DE MÃDICOS;PR;3742662112,62;1247554037,54;33967884,5983742
UNIMED CAMPINAS - COOPERATIVA DE TRABALHO MÃDICO;SP;2955404022,02;985134674,0066667;28341490,35330163
UNIMED DE FORTALEZA SOCIEDADE COOPERATIVA MÃDICA LTDA.;CE;2505846182,24;835282060,7466666;19620175,177611217
UNIMED GOIANIA COOPERATIVA DE TRABALHO MÃDICO;GO;2388772012,69;796257337,5633334;42963778,511983246
FUNDAÃÃO SAÃDE ITAÃ;MG;1950144657,92;650048219,3066667;71294207,7637165
OMINT SERVIÃOS DE SAÃDE S.A.;SP;1890269983,12;630089994,3733333;70059833,58489099
UNIMED VITORIA COOPERATIVA DE TRABALHO MEDICO;ES;1846259491,91;615419830,6366667;19474070,399965987
GRUPO HOSPITALAR DO RIO DE JANEIRO LTDA;RJ;1802737606,69;600912535,5633334;53825801,646536976
UNIMED RECIFE COOPERATIVA DE TRABALHO MÃDICO;PE;1784026506,26;594675502,0866667;41252777,226169735
POSTAL SAÃDE CAIXA DE ASSISTÃNCIA E SAÃDE DOS EMPREGADOS DOS CORREIOS;DF;1729892543,22;576630847,74;95778724,28301018
CARE PLUS MEDICINA ASSISTENCIAL LTDA.;SP;1683425006,3;561141668,7666668;267696071,36880833
UNIMED DO ESTADO DE SÃO PAULO - FEDERAÃÃO ESTADUAL DAS COOP. MÃDICAS;SP;1638761223,17;546253741,0566667;46957889,09244731
UNIMED GRANDE FLORIANÃPOLIS-COOPERATIVA DE TRABALHO MEDICO;SC;1604820917,01;534940305,67;12075710,20584252
UNIMED SAO JOSÃ DO RIO PRETO - COOP. DE TRABALHO MÃDICO;SP;1424491714,25;474830571,4166667;19085894,06904137
FUNDAÃÃO CESP;SP;1400403967,32;466801322,44;70005411,0557482
UNIMED BELÃM COOPERATIVA DE TRABALHO MÃDICO;PA;1324029194,73;441343064,91;37369531,75209198
SERV  SOCIAL AUTÃNOMO DE ASSIST Ã SAÃDE DOS SERV PÃBLICOS E MILITARES DE GOIÃS;GO;1271126522,83;635563261,415;157724692,46466783
UNIMED CUIABA COOPERATIVA DE TRABALHO MÃDICO;MT;1269298583,8;423099527,93333334;9232013,937441949
MEDISERVICE OPERADORA DE PLANOS DE SAÃDE S.A.;SP;1243856842,35;414618947,45;40511786,62878973
SAMEDIL SERVIÃOS DE ATENDIMENTO MÃDICO S/A;ES;1202689529,37;400896509,78999996;13574324,119222272
FUNDAÃÃO ASSISTENCIAL DOS SERVIDORES DO MINISTÃRIO DA FAZENDA;DF;1119576125,52;373192041,84;74655335,29735701
UNIMED DE LONDRINA COOPERATIVA DE TRABALHO MÃDICO;PR;1086276337,34;362092112,44666666;9924367,959797503
CAIXA BENEFICENTE DOS FUNCIONARIOS DO BANCO DO ESTADO DE SÃO PAULO;SP;1052918064,2;350972688,06666666;41470997,637655735
UNIMED NATAL SOC. COOP. DE TRAB. MÃDICO;RN;981276715,32;327092238,44;13394269,90578711
UNIMED CAMPO GRANDE MS COOPERATIVA DE TRABALHO MÃDICO;MS;947775573,76;315925191,25333333;9874546,99197514
UNIMED SERRA GAUCHA/RS COOPERATIVA DE ASSISTENCIA A SAUDE LTDA;RS;942297559,32;314099186,44;9388310,258949162
UNIMED REGIONAL MARINGÃ COOP.DE TRABALHO MÃDICO;PR;941161900,71;313720633,57;6509299,337107818
UNIMED DE RIBEIRAO PRETO - COOPERATIVA DE TRABALHO MÃDICO;SP;934444364,58;311481454,85999995;12287790,2050653
NOTRE DAME INTERMÃDICA MINAS GERAIS SAÃDE S.A.;CE;929570353,72;309856784,5733333;15346779,166595822
UNIMED JOAO PESSOA - COOPERATIVA DE TRABALHO MÃDICO;PB;908818108,9;302939369,6333333;15033306,940550387
UNIMED-SÃO GONÃALO - NITERÃI - SOC.COOP.SERV.MED E HOSP LTDA;RJ;900163125,5600001;300054375,18666667;11508805,46834935
UNIMED SOROCABA COOPERATIVA DE TRABALHO MÃDICO;SP;888284507,5899999;296094835,8633333;18561020,764486402
UNIMED DO ESTADO DO PARANÃ FEDERAÃÃO ESTADUAL DAS COOPERATIVAS MÃDICAS;PR;878399729,3299999;292799909,77666664;6799117,017780639
UNIMED UBERLÃNDIA COOPERATIVA REGIONAL TRABALHO MÃDICO LTDA;MG;871400088,66;290466696,21999997;11138366,145914707
UNIMED DO ESTADO DE SANTA CATARINA FED. EST. DAS COOP. MÃD.;SC;865316539,74;288438846,58;6777293,511737164
UNIMED MACEIO COOPERATIVA DE TRABALHO MÃDICO;AL;845515927,72;281838642,5733333;9686734,983673265
UNIMED DE SANTOS COOP DE TRAB MEDICO;SP;816807785,49;272269261,83;10395601,214829834
HUMANA SAÃDE NORDESTE LTDA. ;PI;808780901,78;269593633,9266667;12713832,9609165
UNIMED BLUMENAU - COOPERATIVA DE TRABALHO MEDICO;SC;795822634,05;265274211,35;8086174,865336501
UNIMED LITORAL COOPERATIVA DE TRABALHO MÃDICO LTDA;SC;778885864,73;259628621,57666668;13429053,192201415
CAIXA DE ASSISTENCIA DOS SERVIDORES DO ESTADO DE MATO GROSSO DO SUL;MS;713249184,86;237749728,28666666;76463815,73395342
UNIMED DE JOINVILLE COOPERATIVA DE TRABALHO MÃDICO;SC;710300771,51;236766923,83666667;10514138,169157837
FUNDAÃÃO SÃO FRANCISCO XAVIER;MG;708218248,24;236072749,41333333;20487080,33639275
ODONTOPREV S/A;SP;699979642,18;233326547,39333335;42055576,94193306
SANTA HELENA ASSISTÃNCIA MÃDICA S/A.;SP;694049108,45;231349702,8166667;16286180,80231987
UNIMED DE BAURU COOPERATIVA DE TRABALHO MÃDICO;SP;689762912,47;229920970,82333335;5864686,315368628
UNIMED SAO JOSE DOS CAMPOS - COOPERATIVA DE TRABALHO MEDICO;SP;672174745,55;224058248,51666668;8441444,241910057
UNIMED DE PIRACICABA SOCIEDADE COOPERATIVA DE SERVIÃOS MÃDICOS;SP;662066491,44;220688830,48000002;4588443,593973178
UNIMED JUIZ DE FORA COOPERATIVA DE TRABALHO MÃDICO LTDA;MG;655750623,99;218583541,33;5927421,6625037035
UNIMED DIVINOPOLIS - COOPERATIVA DE TRABALHO MEDICO LTDA;MG;654557667,16;218185889,05333337;7473779,854786724
CLINIPAM CLINICA PARANAENSE DE ASSISTENCIA MEDICA LTDA;CE;653339624,25;217779874,75;9892230,25742494
SAMP ESPIRITO SANTO ASSISTENCIA MEDICA SA;ES;651094134,65;217031378,21666667;13656310,207048167
UNIMED - COOPERATIVA DE SERVIÃOS DE SAÃDE DOS VALES DO TAQUARI E RIO PARDO LTDA.;RS;626304758,99;208768252,99666667;5420931,129674792
CENTRO TRASMONTANO DE SAO PAULO;SP;613249698,59;204416566,1966667;33437802,929299347
UNIMED DE CASCAVEL COOPERATIVA DE TRABALHO MÃDICO;PR;605477963,89;201825987,96333334;5693316,040637602
GAMA SAUDE LTDA.;SP;571027060,41;190342353,47;89354325,70161615
UNIMED SERGIPE - COOPERATIVA DE TRABALHO MÃDICO;SE;547260959,93;182420319,9766667;9001896,026047088
CAIXA DE ASSISTÃNCIA DOS FUNCIONÃRIOS DO BANCO DO NORDESTE DO BRASIL;CE;529847312,04999995;176615770,6833333;29927308,411576953
UNIMED DE MACAÃ COOPERATIVA DE ASSISTÃNCIA Ã SAÃDE;RJ;528966286,6;176322095,53333333;8459174,069306472
ASSOCIAÃÃO DE BENEFICÃNCIA E FILANTROPIA SÃO CRISTOVÃO;SP;524519926,57;174839975,52333334;18563750,076522358
CEMIG SAÃDE;MG;485658908,72;161886302,90666667;50885363,18679229
UNIMED VALE DO SINOS - COOPERATIVA DE ASSISTÃNCIA Ã SAÃDE LTDA;RS;479124888,05;159708296,01666665;8653228,259546718
UNIMED SÃO CARLOS - COOPERATIVA DE TRABALHO MÃDICO;SP;468938139,46999997;156312713,15666667;6239767,2549423715
UNIMED DE SANTA BÃRBARA D'OESTE E AMERICANA - COOP DE TRABALHO MÃDICO;SP;459354428,78;153118142,92666665;5875732,593198079
SINDIFISCO NACIONAL - SINDICATO NACIONAL DOS AUDITORES-FISCAIS DA RECEITA FEDERAL DO BRASIL;DF;455932074,77;151977358,25666666;26892200,481821626
UNIMED DE PRESIDENTE PRUDENTE COOPERATIVA DE TRAB. MÃDICO;SP;454005584,05;151335194,68333334;3705770,782600419
UNIMED DE VOLTA REDONDA COOPERATIVA DE TRABALHO MÃDICO;RJ;453110904,19;151036968,06333336;7269679,41471345
UNIMED TERESINA - COOPERATIVA DE TRABALHO MÃDICO;PI;445887442,75;148629147,58333334;5635674,983220332
UNIMED NORTE DO MATO GROSSO COOPERATIVA DE TRABALHO MÃDICO;MT;443529307,28999996;147843102,42999998;7303103,503910627
PASA - PLANO DE ASSISTENCIA A SAUDE DO APOSENTADO DA VALE;RJ;438457162,01;146152387,33666667;39586071,9869478
ASSOCIAÃÃO SANTA CASA SAÃDE DE SÃO JOSÃ DOS CAMPOS;SP;422462136,78;140820712,26;24640886,848498955
UNIMED UBERABA COOPERATIVA DE TRABALHO MEDICO LTDA.;MG;422063940,12;140687980,04;5219794,015858876
UNIMED PONTA GROSSA COOPERATIVA DE TRABALHO MEDICO;PR;404614393,18;134871464,39333335;3226252,6345727174
REAL GRANDEZA - FUNDAÃÃO DE PREVIDÃNCIA E ASSISTÃNCIA SOCIAL;RJ;398643926,9;132881308,96666665;11900372,050413292
UNIMED SUL CAPIXABA COOPERATIVA DE TRABALHO MÃDICO;ES;389925703,89;129975234,63;6448167,328431115
PLANO HOSPITAL SAMARITANO LTDA;SP;385076645,64;128358881,88;16359767,602294564
UNIMED DE MARILIA COOPERATIVA DE TRABALHO MÃDICO;SP;383703709,78000003;127901236,59333332;4049050,7073762114
UNIMED VALE DO SÃO FRANCISCO COOPERATIVA DE TRABALHO MÃDICO;PE;379269192,01;126423064,00333333;5016451,339366567
UNIMED NOVA FRIBURGO-SOC.COOP.SERV.MED.HOSP.LTDA.;RJ;378208065,94;126069355,31333333;3696017,007168747
UNIMED JUNDIAI - COOPERATIVA DE TRABALHO MÃDICO;SP;372555202,31;124185067,43666667;4569508,873679844
UNIMED DE ARARAQUARA - COOP. DE TRAB. MÃDICO;SP;372536013,71999997;124178671,24000001;8363830,3083067145
CENTRO CLÃNICO GAÃCHO LTDA;CE;367682818,54;122560939,51333334;5130738,386860349
INSTITUTO CURITIBA DE SAÃDE;PR;367339857,40000004;122446619,13333334;6936025,735945471
ALICE OPERADORA LTDA.;SP;354140241,84;118046747,28000002;12660653,582124485
UNIMED DE CRICIÃMA COOPERATIVA DE TRABALHO MÃDICO DA REGIÃO CARBONÃFERA;SC;353557821,06;117852607,02;4172668,2388831354
UNIMED CHAPECÃ - COOPERATIVA DE TRABALHO MÃDICO DA REGIÃO OESTE CATARINENSE;SC;351667726,32;117222575,44;8053488,428205799
COOPERATIVA CENTRAL UNIMED DE COOPERATIVAS DE ASSISTÃNCIA Ã SAÃDE DO RIO GRANDE DO SUL LTDA.;RS;350620486,75;116873495,58333333;6021870,504321263
UNIMED REGIONAL DA BAIXA MOGIANA - COOPERATIVA DE TRABALHO MÃDICO;SP;339407245,85;113135748,61666666;4864217,435700459
UNIMED CARUARU-COOPERATIVA DE TRABALHO MEDICO;PE;336586100,97;112195366,99000001;6684844,878676972
UNIMED FRANCA - SOCIEDADE COOPERATIVA DE SERVIÃOS MÃDICOS E HOSPITALARES;SP;334442403,12;111480801,04;3189445,9764445713
FUNDAÃÃO COPEL DE PREVIDÃNCIA E ASSISTÃNCIA SOCIAL;PR;327099489,87;109033163,29;21190714,584625226
ECONOMUS INSTITUTO DE SEGURIDADE SOCIAL;SP;319041334,61;106347111,53666668;13791245,750582488
LEVE SAUDE OPERADORA DE PLANOS DE SAUDE S.A;RJ;315186389,18;105062129,72666667;7467682,608255365
UNIMED SANTA MARIA/RS - COOPERATIVA DE ASSISTÃNCIA Ã SAÃDE LTDA;RS;314059335,69;104686445,23;4954855,9099300625
COOPERATIVA DE TRABALHO MÃDICO DE POUSO ALEGRE;MG;312003409,39;104001136,46333332;5005478,850413476
HUMANA SAÃDE LTDA.;PR;307857076,89;102619025,63;5000502,060344859
UNIMED NOVA IGUACU COOPERATIVA DE TRABALHO MEDICO;RJ;303576530,36;101192176,78666668;6971900,561779713
UNIMED GOVERNADOR VALADARES COOP. DE TRABALHO MÃDICO LTDA.;MG;300767631,92;100255877,30666667;5156035,0944503965
DOCTOR CLIN OPERADORA DE PLANOS DE SAÃDE LTDA.;RS;293502798,76;97834266,25333333;15598718,629944276
SAMEL PLANO DE SAÃDE LTDA;AM;292492553,12;97497517,70666666;32371675,663440507
SOBAM CENTRO MÃDICO HOSPITALAR S.A.;SP;291021610,76;97007203,58666666;9778195,460540941
ASSOCIACAO DOS AUDITORES FISCAIS DA RECEITA ESTADUAL DE SAO PAULO;SP;290646650,52;96882216,83999999;31271535,997941907
UNIMED DO CEARÃ - FEDERAÃÃO DAS SOCIEDADES COOPERATIVAS MÃDICAS DO ESTADO DO CEARÃ LTDA.;CE;288229774,95;96076591,64999999;8408187,158571899
METRUS INSTITUTO DE SEGURIDADE SOCIAL;SP;286584726,29;95528242,09666668;28366006,500847775
ASSOCIAÃÃO SANTA SAÃDE;SP;286045974,48;95348658,16000001;11069925,505684512
UNIMED DE ARACATUBA - COOPERATIVA DE TRABALHO MÃDICO;SP;280397052,55;93465684,18333334;4529193,908031612
QUALLITY PRÃ SAÃDE PLANO DE ASSISTÃNCIA MÃDICA LTDA.;DF;276032680,78;92010893,59333332;14346006,916649563
CAIXA DE PREVIDÃNCIA E ASSISTÃNCIA DOS SERVIDORES DA FUNDAÃÃO NACIONAL DE SAÃDE - CAPESESP;RJ;275158898,78999996;91719632,92999999;31827094,282023385
UNIMED PATOS DE MINAS COOPERATIVA TRABALHO MÃDICO LTDA.;MG;274110493,40999997;91370164,46999998;4822581,611544233
FUNDAÃÃO CHESF DE ASSISTÃNCIA E SEGURIDADE SOCIAL;PE;272579209,99;90859736,66333334;22424489,58208714
UNIMED RIO VERDE COOPERATIVA TRABALHO MEDICO;GO;271733136,52000004;90577712,17333335;7953612,478255794
UNIMED DE CAMPOS COOPERATIVA DE TRABALHO MÃDICO;RJ;269856549,13;89952183,04333334;4058400,813346363
UNIMED SALTO/ITU - COOPERATIVA MÃDICA;SP;265133724,81;88377908,27;2899307,2488837177
UNIMED RONDONOPOLIS COOPERATIVA DE TRABALHO MÃDICO LTDA;MT;263297252,01;87765750,67;3965789,5020868927
BENSAUDE PLANO DE ASSISTENCIA MEDICA HOSPITALAR LTDA.;SP;258594133,45000002;86198044,48333333;13780362,498532267
UNIMED PORTO VELHO - SOCIEDADE COOPERATIVA MÃDICA LTDA;RO;258159594,84;86053198,27999999;4089972,604340365
UNIMED DE GUARULHOS COOPERATIVA DE TRABALHO MÃDICO;SP;258111830,73;86037276,91000001;3946076,2658295524
ASSOCIAÃÃO DE SAÃDE PORTUGUESA DE BENEFICÃNCIA;SP;257100340,65;85700113,55;7994199,537913993
H.B. SAÃDE S/A.;SP;256846595,53;85615531,84333333;13404793,382781498
UNIMED DE TUBARAO - COOPERATIVA DE TRABALHO MEDICO DA REGIAO DA AMUREL;SC;256503188,1;85501062,7;2698052,7618201273
UNIMED CAMPINA GRANDE - COOPERATIVA DE TRABALHO MEDICO LTDA;PB;255683009,65;85227669,88333333;10800579,323068446
CAIXA DE ASSISTÃNCIA DOS EMPREGADOS DO BANCO DO ESTADO DO RIO GRANDE DO SUL;RS;244301461,35;81433820,45;11454970,430156894
UNIMED DE DOURADOS COOPERATIVA DE TRABALHO MÃDICO LTDA;MS;241800969,09;80600323,02999999;2962386,6288833115
UNIMED DE LIMEIRA COOPERATIVA DE TRABALHO MÃDICO;SP;240895071,03;80298357,01;4636228,204213689
ASSOCIAÃÃO DE ASSISTÃNCIA Ã SAÃDE DOS EMPREGADOS DA COPASA;MG;240551924,35999998;80183974,78666666;11696503,75063582
ALVORECER - ASSOCIAÃÃO DE SOCORROS MÃTUOS;SP;233314469,35;77771489,78333333;2716849,248456611
UNIMED AMPARO COOPERATIVA DE TRABALHO MÃDICO;SP;232975547,25;77658515,75;4308048,04966978
UNIMED COSTA OESTE - COOPERATIVA DE TRABALHO MÃDICO;PR;231117950,35;77039316,78333333;1378567,2215608407
UNIMED CENTRO RONDÃNIA COOPERATIVA DE TRABALHO MÃDICO;RO;230669335,3;76889778,43333334;2403536,554261473
SERVIÃO SOCIAL DA INDÃSTRIA DO PAPEL, PAPELÃO E CORTIÃA DO ESTADO DE SÃO PAULO - SEPACO;SP;230278531,37;76759510,45666666;17954054,487898532
KLINI PLANOS DE SAÃDE LTDA;RJ;227812876,34;75937625,44666667;17922863,44121892
UNIMED PLANALTO MÃDIO/RS - COOPERATIVA DE ASSISTÃNCIA Ã SAÃDE LTDA.;RS;227745710,92000002;75915236,97333334;4277596,653981514
PROMÃDICA - PROTEÃÃO MEDICA A EMPRESAS S.A.;BA;227419624,93;75806541,64333333;21007384,885182634
CAIXA DE ASSISTÃNCIA Ã SAÃDE - CABERJ;RJ;226884854,51;75628284,83666666;8369384,313761116
UNIMED VALE DO SEPOTUBA - COOPERATIVA DE TRABALHO MÃDICO;MT;225794848,32999998;75264949,44333333;3521600,280849505
PLANO DE SAÃDE ANA COSTA LTDA.;SP;221080847,59;73693615,86333333;7984067,383438688
CIRCULO OPERARIO CAXIENSE;RS;219713827,02;73237942,34;4681315,928352932
UNIMED LESTE PAULISTA COOPERATIVA DE TRABALHO MÃDICO;SP;213720977,94;71240325,98;2512732,9727254305
AUSTACLINICAS ASSISTÃNCIA MÃDICA E HOSPITALAR LTDA;SP;213691265,05;71230421,68333334;4879420,3614149615
UNIMED ANHANGUERA COOPERATIVA DE TRABALHO MÃDICO;SP;213639899,28;71213299,75999999;3880380,1772230933
2CARE OPERADORA DE SAÃDE LTDA.;SP;210924198,9;70308066,3;9291559,004460108
UNIMED PELOTAS/RS - COOPERATIVA DE ASSISTÃNCIA Ã SAÃDE LTDA.;RS;208427789,9;69475929,96666665;3058194,756235791
UNIMED REGIONAL JAU - COOPERATIVA DE TRABALHO MÃDICO;SP;207767456,27;69255818,75666668;2954521,5914627984
UNIMED DO SUDOESTE COOPERATIVA DE TRABALHO MEDICO LTDA;BA;206835847,14;68945282,38;2631343,630715995
BIOVIDA SAÃDE LTDA.;SP;201984279,87;67328093,29;2938594,805280815
ASSOCIAÃÃO DR. BARTHOLOMEU TACCHINI;RS;201863041,04;67287680,34666668;6015321,550636456
UNIMED DE BOTUCATU COOPERATIVA DE TRABALHO MÃDICO;SP;201232517,13;67077505,71;4233772,0004909
FUNDAÃÃO CELESC DE SEGURIDADE SOCIAL - CELOS;SC;198587048,33;66195682,77666666;8664782,790499961
UNIMED DO CARIRI - SOCIEDADE COOPERATIVA MÃDICA LTDA;CE;196985163,75;65661721,25;7276813,348251863
NOSSA SAÃDE - OPERADORA PLANOS PRIVADOS DE ASSISTÃNCIA  Ã SAÃDE LTDA.;PR;196844192,6;65614730,86666667;4416580,157481931
UNIMED DE BEBEDOURO COOPERATIVA DE TRABALHO MÃDICO;SP;195453545,2;65151181,73333333;2876626,835553702
ASSOCIAÃÃO EVANGELICA BENEFICENTE DE LONDRINA;PR;194602386,49;64867462,163333334;3733673,6558053275
ABERTTA SAÃDE - ASSOCIAÃÃO BENEFICENTE DOS EMPREGADOS DA ARCELORMITTAL NO BRASIL;MG;193714540,06;64571513,35333333;6184531,386089483
UNIMED ANÃPOLIS COOPERATIVA DE TRABALHO MÃDICO.;GO;193170298,42000002;64390099,47333334;2449126,2802020716
UNIMED NOROESTE CAPIXABA COOPERATIVA DE TRABALHO MÃDICO.;ES;190934758,92000002;63644919,63999999;2683333,0863043615
INTEGRA ASSISTENCIA MEDICA SA;SP;189437641,14;63145880,379999995;31053057,76714235
UNIMED NOROESTE/RS - SOCIEDADE COOPERATIVA DE ASSISTÃNCIA Ã SAÃDE LTDA.;RS;188745005,31;62915001,77;1803107,4017960574
AMPLA PLANOS DE SAUDE LTDA;RJ;188720797,95;94360398,975;6036737,628049794
CAIXA DE ASSISTÃNCIA DOS EMPREGADOS DA EMPRESA BRASILEIRA DE PESQUISA  AGROPECUÃRIA;DF;187825925,68;62608641,89333334;15042585,280215578
PROASA SAÃDE;DF;183272895,39;61090965,129999995;11215647,614877695
UNIMED CENTRO OESTE PAULISTA - FEDERAÃÃO INTRAFEDERATIVA DAS COOPERATIVAS MÃDICAS;SP;182528028,21;60842676,06999999;8319825,751087835
UNIMED ARARUAMA COOPERATIVA DE TRABALHO MÃDICO LTDA;RJ;182510527,31;60836842,43666667;2493300,9089807863
FUNDAÃÃO SANEPAR DE ASSISTÃNCIA SOCIAL;PR;178584309,17000002;59528103,05666667;14937962,896402271
UNIMED VARGINHA COOPERATIVA DE TRABALHO MÃDICO;MG;177479431,22;59159810,406666666;2587370,288738474
UNIMED PALMAS COOPERATIVA DE TRABALHO MÃDICO;TO;177415189,3;59138396,43333334;2107483,6169893444
UNIMED PATO BRANCO SOCIEDADE COOPERATIVA DE MÃDICOS;PR;174210025,47;58070008,49;2049248,684435317
LIV LINHAS INTELIGENTES DE ATENÃÃO Ã VIDA S/A;SP;173101296,17;57700432,056666665;1577655,0763087969
ASSOCIAÃÃO ASSISTENCIAL DE SAÃDE SUPLEMENTAR CRUZ AZUL SAÃDE;SP;172292659,41;57430886,47;2748031,4653279986
IRMANDADE DA SANTA CASA DE MISERICÃRDIA DE PIRACICABA;SP;171915999,45;57305333,15;13378897,848473476
PLENA SAÃDE S.A.;SP;170924208,91;56974736,303333335;5457330,973008476
UNIMED DE RIO CLARO SP COOPERATIVA DE TRABALHO MEDICO;SP;169496377,96;56498792,653333336;1252269,3211082183
S.P.A SAUDE- SISTEMA DE PROMOÃÃO ASSISTENCIAL;SP;169485789,38;56495263,126666665;9619707,408508549
LIFE EMPRESARIAL SAÃDE LTDA.;SP;169299013,13;56433004,376666665;9928207,145794911
SERMED-SAÃDE LTDA.;SP;168183966,65;56061322,21666667;4997070,857966029
UNIMED CONSELHEIRO LAFAIETE COOPERATIVA DE TRABALHO MÃDICO LTDA;MG;166541854,54;55513951,51333333;1907757,546222099
UNIMED POÃOS DE CALDAS - SOC. COOP. DE TRAB. E SERVIÃOS MÃDICOS;MG;164543096,14000002;54847698,71333333;3303560,8783144974
UNIMED MARANHÃO DO SUL - COOPERATIVA DE TRABALHO MÃDICO;MA;162604216,86;54201405,620000005;2082715,8900294465
UNIÃO MÃDICA PLANOS DE SAÃDE S/A;BA;160043224,46;53347741,48666667;3724414,5699668936
UNIMED DE CATANDUVA - COOPERATIVA DE TRABALHO MÃDICO;SP;159450562,64000002;53150187,54666666;2105613,8650983903
UNIMED RIO BRANCO COOPERATIVA DE TRABALHO MEDICO LTDA;AC;158357640,05;52785880,01666667;2057257,2355005068
UNIMED NORTE CAPIXABA- COOPERATIVA DE TRABALHO MÃDICO;ES;155672462,32;51890820,77333333;2346597,2050986835
UNIMED REGIONAL DE CAMPO MOURÃO COOP TRAB MEDICO ;PR;154684074,02;51561358,00666666;2715232,5551791596
SÃO LUCAS SAÃDE S/A;SP;154089975,69;51363325,23;8348203,300374716
SAUDE PAS - MEDICINA E ODONTO;RS;150872306,18;50290768,72666667;19120252,349940687
UNIMED DE ASSIS COOPERATIVA DE TRABALHO MÃDICO;SP;149006377,04;49668792,346666664;1642828,5129462217
OPERADORA UNIESTE DE PLANOS DE SAÃDE LTDA;RJ;147202855,22;49067618,406666666;6720064,986764536
UNIMED GUARAPUAVA COOPERATIVA DE TRABALHO MÃDICO;PR;146844821,36;48948273,78666667;1173316,0069731297
LUMINAR SAÃDE - ASSOCIAÃÃO DE ASSISTÃNCIA Ã SAÃDE;DF;145875901,1;48625300,36666667;6776081,53876785
FUNDAÃÃO AFFEMG DE ASSISTÃNCIA E SAÃDE - FUNDAFFEMG;MG;145818826,54;48606275,51333333;11472204,31674507
CAIXA DE ASSISTÃNCIA OSWALDO CRUZ;RJ;145682568,87;48560856,29;12854047,018971883
UNIMED NORDESTE PAULISTA - FED. INTRAFEDERATIVA DAS COOP. MÃDICAS;SP;145664178,87;48554726,29;4823878,008235921
UNIMED ENCOSTA DA SERRA/RS SOCIEDADE COOPERATIVA DE SERVIÃOS DE SAÃDE LTDA.;RS;145251083,02;48417027,673333324;2718698,463525201
UNIMED TEOFILO OTONI COOPERATIVA DE TRABALHO MÃDICO;MG;144059399,28;48019799,76;3505608,7571016243
SANTA CASA DE MISERICÃRDIA DE JUIZ DE FORA;MG;143882796,25;47960932,083333336;3718911,2154320856
BENEFICENCIA CAMILIANA DO SUL;SP;143611000,85;71805500,425;10272519,670452334
UNIMED COSTA DO DESCOBRIMENTO COOPERATIVA DE TRABALHO MÃDICO;BA;140217778,22;46739259,406666666;2506447,6633363483
UNIMED DE OURINHOS - COOPERATIVA DE TRABALHO MÃDICO;SP;139291632,86;46430544,28666667;2572292,1272518695
UNIMED PETROPOLIS-RJ COOPERATIVA DE TRABALHO MÃDICO;RJ;138565495,96;46188498,65333333;2505130,599900205
UNIMED MONTES CLAROS COOPERATIVA DE  TRABALHO MÃDICO LTDA.;MG;138332568,68;46110856,22666667;2381215,867380617
PLANO DE SAÃDE DA SANTA CASA DE BRAGANÃA PAULISTA;SP;137343535,21;45781178,403333336;5122765,377814723
UNIMED DE BARRA MANSA SOC. COOP. SERV.MED.E HOSPIT.;RJ;135934433,41;45311477,803333335;3406819,402190212
UNIMED VALE DO CAÃ/RS - COOPERATIVA DE ASSISTÃNCIA Ã SAÃDE LTDA.;RS;134303113,84;44767704,61333334;2516029,0911375512
CABERJ INTEGRAL SAÃDE S.A;RJ;132452983,88;44150994,626666665;5796601,561313791
MÃTUA DOS MAGISTRADOS DO ESTADO DO RIO DE JANEIRO;RJ;132144085,33000001;44048028,443333335;12967847,235077273
SAÃDE BRB - CAIXA DE ASSISTÃNCIA ;DF;130426348,96;43475449,653333336;6587311,4818708375
UNIMED DE SÃO ROQUE - COOPERATIVA DE TRABALHO MÃDICO;SP;126956842,05;42318947,35;2006655,7084128144
FUNDAÃÃO FIAT SAÃDE E BEM ESTAR;MG;125273995,84;41757998,61333334;11545084,647521324
UNIMED METROPOLITANA DO AGRESTE - COOPERATIVA DE TRABALHO MÃDICO;AL;124757149,57000001;41585716,52333333;1704779,1366878783
POLICLIN SAÃDE S/A.;SP;124637050,58;41545683,52666666;7223603,092936379
UNIMED VALE DO AÃO COOPERATIVA DE TRABALHO MÃDICO;MG;123684868,27;61842434,135;3303448,832631372
UNIMED DE PARANAGUÃ COOPERATIVA DE TRABALHO MÃDICO;PR;123635547,98;41211849,32666666;1502490,239407741
UNIMED CURVELO COOPERATIVA DE TRABALHO MÃDICO LTDA.;MG;122993693,17;40997897,72333334;1576289,440118466
UNIMED EXTREMO SUL COOPERATIVA DE TRABALHO MÃDICO;BA;122900848,44;40966949,48;1309227,8632369696
UNIMED MISSÃES/RS - COOPERATIVA DE ASSISTÃNCIA Ã SAÃDE LTDA.;RS;122520656,44;40840218,81333333;1720788,4437819093
UNIHOSP SAÃDE LTDA;SP;122230213,54;40743404,51333333;1718187,7721276777
ASSOCIAÃÃO FCA SAÃDE;MG;121681026,32000001;40560342,10666666;11131627,231121399
UNIMED RESENDE COOPERATIVA DE TRABALHO MÃDICO;RJ;121178246,29;40392748,76333333;2282957,3133426206
MED-TOUR ADMINISTRADORA DE BENEFÃCIOS E EMPREENDIMENTOS LTDA.;SP;120897872,58;40299290,86;7683336,2910502665
UNIMED DE MANAUS COOP. DO TRABALHO MÃDICO LTDA;AM;120431675,94;40143891,98;5826353,989872448
UNIMED DE BRUSQUE COOPERATIVA DE TRABALHO MÃDICO;SC;120370833,34;40123611,11333334;2027883,8947230573
UNIMED ARAXÃ COOPERATIVA DE TRABALHO MÃDICO LTDA.;MG;118909741,78;39636580,593333334;1446238,647718298
UNIMED NORTE FLUMINENSE COOPERATIVA DE TRABALHO MEDICO;RJ;118295411,98;39431803,99333333;2218264,9664152297
UNIMED BARRA DO GARÃAS - COOPERATIVA DE TRABALHO MÃDICO;MT;117827002,23;39275667,41;1229085,4583654397
UNIMED DE CATALÃO COOPERATIVA DE TRABALHO MÃDICO;GO;117684337,4;39228112,46666667;3029773,009108472
SIM - CAIXA DE ASSISTÃNCIA Ã SAÃDE;SC;115429337,8;38476445,93333334;9541761,875245966
CAIXA DE ASSISTENCIA A SAUDE DA UNIVERSIDADE;MG;114641701,7;38213900,56666666;8119881,488124701
UNIMED CABO FRIO COOPERATIVA TRABALHO MÃDICO LTDA.;RJ;114396146,08;38132048,69333333;3311307,734193559
IRMANDADE SANTA CASA DE MISERICÃRDIA DE MARINGÃ;PR;114272548,03;38090849,343333334;2950568,232332232
UNIMED DE PINDAMONHANGABA - COOPERATIVA TRABALHO MEDICO;SP;113420158,22;37806719,406666666;2248420,068322537
UNIMED LITORAL SUL/RS - COOPERATIVA DE ASSISTÃNCIA Ã SAÃDE LTDA.;RS;113016937,74;37672312,58;1249342,1020953532
UNIMED INCONFIDENTES COOPERATIVA DE TRABALHO MÃDICO LTDA.;MG;110821417,42;36940472,47333334;1704820,9623583585
UNIMED DE PARANAVAÃ COOPERATIVA DE TRABALHO MÃDICO;PR;110119923,74000001;36706641,24666667;1527309,7840582696
CENTRAL REGIONAL DAS COOPERATIVAS MÃDICAS - UNIMED CERRADO;GO;109865822,42;36621940,806666665;3791264,921844789
SELECT OPERADORA DE PLANO DE SAUDE LTDA;GO;109665425,86;36555141,95333334;9923283,063695893
ASSOCIAÃÃO SÃO FRANCISCO VIDA;SP;109519179,72;36506393,24;7471489,715115319
ELOSAÃDE - ASSOCIAÃÃO DE ASSISTÃNCIA Ã SAÃDE;SC;109422965,33;36474321,77666666;4493770,072690785
UNIMED MEIO OESTE CATARINENSE COOPERATIVA DE TRABALHO MÃDICO;SC;106589878,28;35529959,42666667;1144160,5463407116
UNIMED REGIONAL SUL GOIAS COOP. DE TRABALHO MÃDICO LTDA;GO;106234284,67;35411428,22333334;1739910,6299733005
ASSOCIAÃÃO ADVENTISTA NORTE BRASILEIRA DE PREVENÃÃO E ASSISTÃNCIA A SAÃDE;PA;105971430,65;35323810,21666666;6375028,574274727
ASSOCIAÃÃO DA SANTA CASA SAÃDE DE RIBEIRÃO PRETO;SP;104791345,92999999;34930448,64333334;3587013,3523755018
UNIMED DE CAÃAPAVA - COOPERATIVA DE TRABALHO MEDICO;SP;104547207,92;34849069,306666665;1094398,8816546216
UNIMED APUCARANA COOPERATIVA DE TRABALHO MÃDICO;PR;102999056,55;34333018,85;2006349,6420443538
UNIMED ALTO VALE - COOPERATIVA DE TRABALHO MÃDICO;SC;101880325,21;33960108,403333336;1011652,3339370996
HBC SAÃDE LTDA.;SP;100947019,47999999;33649006,49333333;6061543,894722291
FUNDAÃAO COMPESA DE PREVIDENCIA E ASSISTENCIA - COMPESAPREV;PE;100810050,36;33603350,120000005;8324304,304397846
UNIMED OESTE DO PARANA - COOPERATIVA DE TRABALHO MEDICO;PR;100676353,2;33558784,4;1040458,8968107123
UNIMED NOROESTE DO PARANÃ COOP DE TRABALHO MÃDICO .;PR;98471121,51;32823707,169999998;1494581,6699736032
COOPERATIVA DE TRABALHO MEDICO REGIÃO DO PLANALTO SERRANO;SC;98116576,0;32705525,333333332;1009577,695688474
UNIMED CENTRO SUL FLUMINENSE COOPERATIVA DE TRABALHO MÃDICO;RJ;97983607,77;32661202,59;1354460,9654617263
UNIMED DE LENÃOIS PAULISTA - COOPERATIVA DE TRABALHO MÃDICO;SP;97624377,1;32541459,03333333;2084732,933745014
IRMANDADE DA SANTA CASA DE MISERICÃRDIA DE RIO CLARO;SP;96938593,02;32312864,340000004;2631264,658564139
UNIMED REGIONAL DE TRES LAGOAS COOPERATIVA DE TRABALHO MÃDICO;MS;96731754,83;32243918,276666667;3409221,9148831926
ASSOCIAÃÃO PADRE ALBINO SAÃDE;SP;96001961,65;32000653,883333337;5823073,724136123
UNIMED ERECHIM - COOPERATIVA DE SERVIÃOS DE SAÃDE LTDA.;RS;95804686,89;31934895,63;1114303,0955881034
UNIMED BARBACENA - COOPERATIVA DE TRABALHO MÃDICO LTDA;MG;95573092,58;31857697,526666667;1693118,2795220073
UNIMED PARÃ DE MINAS COOPERATIVA DE TRABALHO MÃDICO LTDA.;MG;94238528,42;31412842,80666667;1150900,417947951
ASSOCIAÃÃO DOS SERVIDORES FISCAIS DO ESTADO DA BAHIA;BA;93413928,66;31137976,22;7741000,449780103
ASSOCIAÃÃO BENEFICENTE DE ASSISTÃNCIA A SAÃDE DOS JUÃZES DO TRABALHO DA 15Âª REGIÃO (ABAS 15);SP;92975891,39;30991963,796666667;10600997,682669139
CENTRO HOSPITALAR ATIBAIA LTDA.;SP;92964505,96;30988168,653333332;11538222,749197504
FUNDAÃÃO DE SAÃDE ITAIGUAPY;PR;92580242,5;30860080,833333332;5804969,017917059
UNIMED MURIAÃ COOPERATIVA DE TRABALHO MEDICO LTDA;MG;92539943,82000001;30846647,94;3256553,0295490013
CAIXA ASSISTENCIAL E BENEFICENTE DOS FUNCIONÃRIOS DA ACARESC;SC;91206216,69;30402072,23;7351692,383888187
UNIMED SÃO JOÃO DEL REI - COOPERATIVA DE TRABALHO MÃDICO;MG;90244541,45;30081513,816666666;945643,9457404595
UNIMED ITABIRA COOPERATIVA DE TRABALHO MÃDICO;MG;90006343,53;30002114,51;2484278,4293780713
UNIMED DE LINS - COOPERATIVA DE TRABALHOS MÃDICOS;SP;89772182,71;29924060,903333332;1130082,1812748634
UNIMED JOÃO MONLEVADE COOPERATIVA DE TRABALHO MÃDICO LTDA.;MG;89121244,13;29707081,376666665;1813663,1084785175
UNIMED DE JABOTICABAL COOP. DE TRABALHO MÃDICO;SP;88622942,06;29540980,686666667;1431027,3706889488
UNIMED OS BANDEIRANTES COOPERATIVA DE TRABALHO MÃDICO;SP;87455358,89;29151786,296666667;1672892,6083156294
ASSOCIAÃÃO SANTA CASA SAÃDE DE ARAÃATUBA;SP;87393002,31;29131000,77;1112822,3730240664
AMESC - ASSOCIAÃÃO MÃDICA ESPÃRITA CRISTÃ;RJ;87220379,55;29073459,849999998;3992459,3687207536
UNIMED EXTREMO OESTE CATARINENSE COOPERATIVA DE TRABALHO MÃDICO;SC;86315360,08;28771786,69333333;1054236,0122818493
UNIMED LAVRAS COOPERATIVA DE TRABALHO MÃDICO;MG;86162698,69;28720899,563333333;1244746,7294784691
UNIMED DE TATUI - COOPERATIVA DE TRABALHO MÃDICO;SP;85913286,52;28637762,173333336;993545,0606008699
CAIXA DE ASSISTÃNCIA DOS SERVIDORES FAZENDÃRIOS ESTADUAIS;CE;84306393,24000001;28102131,080000002;13076780,971123748
UNIMED DE LORENA COOPERATIVA DE TRABALHO MÃDICO;SP;83619199,12;27873066,373333335;2363067,7361557507
AGROS - INSTITUTO UFV DE SEGURIDADE SOCIAL;MG;83265167,44;27755055,813333333;7436041,699970546
ASSOCIAÃÃO BENEFICENTE DOS PROFESSORES PÃBLICOS ATIVOS E INATIVOS DO RIO DE JANEIRO - APPAI;RJ;83041791,00999999;27680597,00333333;11066204,696039045
OESTE SAÃDE ASSISTÃNCIA A SAÃDE SUPLEMENTAR S.A;SP;82842939,02;27614313,006666664;3671062,6271956726
UNIMED NORTE PIONEIRO - COOPERATIVA DE TRABALHO MÃDICO;PR;82710978,56;27570326,186666667;1503697,2151645236
UNIMED FRONTEIRA NOROESTE/RS - COOPERATIVA DE ASSISTÃNCIA Ã SAÃDE LTDA.;RS;82515497,75;27505165,916666668;1152297,059317986
CAIXA DE ASSISTÃNCIA Ã SAÃDE DOS SERVIDORES PÃBLICOS DO ESTADO DO MATO GROSSO DO SUL;MS;80861530,74;26953843,58;5523615,836453979
CAIXA DE ASSISTÃNCIA DOS EMPREGADOS DA SANEAGO;GO;80110947,85000001;26703649,28333333;12853589,922656659
UNIMED ARAGUARI COOPERATIVA DE TRABALHO MÃDICO ;MG;79064376,05;26354792,016666666;1544751,6148392905
SAÃDE SANTA TEREZA LTDA.;SP;78929388,13;26309796,043333333;5367939,697327496
METLIFE PLANOS ODONTOLÃGICOS LTDA.;SP;77480135,92;25826711,973333333;7132127,570116173
ELETROS SAÃDE - ASSOCIAÃÃO DE ASSISTÃNCIA Ã SAÃDE;RJ;75949391,55;25316463,850000005;3724574,780642228
SANTA CASA DE MAUÃ SAÃDE;SP;75450119,67999999;25150039,893333334;1176835,9219841142
ASSOCIAÃAO DOS FUNCIONARIOS PUBLICOS DO ESTADO DO RIO GRANDE DO SUL;RS;75356261,49;25118753,830000002;3708735,328895819
UNIMED ITAJUBA COOPERATIVA DE TRABALHO MEDICO;MG;75042549,26;25014183,086666662;1772093,3646176984
PARANA ASSISTENCIA MEDICA LTDA;PR;74964976,09;24988325,363333333;2542173,541594588
FUNDAÃÃO DE SEGURIDADE SOCIAL DA ARCELORMITTAL BRASIL - FUNSSEST;ES;74776610,22;24925536,74;10618979,759895783
AMHE MED ASSISTENCIA A SAUDE LTDA - EPP;SP;73837311,18;24612437,060000002;1906020,4054111822
ASSISTÃNCIA MÃDICA SÃO MIGUEL LTDA;SP;73551242,94;24517080,98;1089884,2614225394
NOVA SAÃDE OPERADORA INTEGRADA DE SAÃDE LTDA;RJ;73374841,5;24458280,5;13270097,590089137
UNIMED ALTA MOGIANA COOPERATIVA DE TRABALHO MÃDICO;SP;73259691,98;24419897,326666668;1304771,5530016983
OPERADORA UNICENTRAL DE PLANOS DE SAÃDE LTDA.;SP;73218753,25;24406251,083333332;3199628,670480182
UNIMED ITUIUTABA COOPERATIVA TRABALHO MÃDICO LTDA.;MG;72932769,64;24310923,213333335;1042195,5628976634
UNIMED TRÃS RIOS COOPERATIVA DE TRABALHO MÃDICO;RJ;72853718,86;24284572,953333333;1331755,3906757953
UNIMED SAÃDE E ODONTO S.A;SP;72670802,78;24223600,926666666;5099533,042767448
UNIMED ITAÃNA COOPERATIVA DE TRABALHO MÃDICO LTDA.;MG;71199155,83;23733051,94333333;1262625,4447208934
COOPERATIVA DE TRABALHO MEDICO DE ARAGUAÃNA - UNIMED ARAGUAÃNA;TO;70550340,88;23516780,293333333;700663,3746572273
UNIMED DE GUARATINGUETA-COOPERATIVA DE TRABALHO MÃDICO;SP;70473617,65;23491205,883333337;1728482,3172784932
SAMI ASSISTÃNCIA MÃDICA LTDA;SP;70151779,38;23383926,459999997;8333565,895216374
VIVACOM PLANOS DE SAÃDE;GO;70144888,39;23381629,463333335;4406092,493139658
TEMPO MED PLANO DE SAUDE LTDA;SC;70030692,74;23343564,246666666;2132802,305168896
CAIXA DE ASSISTÃNCIA DOS EMPREGADOS DO SISTEMA FINANCEIRO BANESTES;ES;69232840,94;23077613,646666665;5933875,060036758
ASSOCIAÃÃO DE ASSISTÃNCIA Ã SAÃDE DA AMAGIS;MG;68898532,48;22966177,493333336;5458155,05808686
UNIMED OESTE DO PARÃ - COOPERATIVA DE TRABALHO MÃDICO;PA;68025380,83;22675126,94333333;4793583,282799947
IRMANDADE DA SANTA CASA DE MISERICORDIA DE LIMEIRA;SP;67678057,1;22559352,366666663;2426663,8231440783
UNIMED SUL PAULISTA - COOPERATIVA DE TRABALHO MÃDICO;SP;67379685,52;22459895,173333332;1332958,1011860773
UNIMED VALE DAS ANTAS, RS - COOPERATIVA DE ASSISTÃNCIA Ã SAÃDE LTDA.;RS;67108929,32;22369643,106666666;1503627,586179412
GARANTIA DE SAÃDE LTDA;SP;66557655,32;22185885,106666666;5906818,845342503
SULMED - ASSISTÃNCIA MÃDICA LTDA;RS;66392237,589999996;22130745,863333333;3769824,2232052484
UNIODONTO DE CAMPINAS COOPERATIVA ODONTOLÃGICA;SP;65619853,56;21873284,52;3299976,0183660802
UNIMED-RIO COOPERATIVA DE TRABALHO MEDICO DO RIO DE JANEIRO;RJ;65483016,86;65483016,86;28353593,87245243
ASSOCIAÃÃO DE SAÃDE DO VALE;SC;65168004,379999995;21722668,126666665;5439439,204465908
ESMALE ASSISTENCIA INTERNACIONAL DE SAUDE LTDA.;AL;65030770,74;21676923,580000002;5175671,24498186
UNIMED DE SOBRAL SOCIEDADE COOPERATIVA MÃDICA LTDA;CE;64880679,44;21626893,146666665;1513515,8908647767
COOPERATIVA DE TRABALHO MÃDICO DO PLANALTO NORTE DE SANTA CATARINA LTDA;SC;64711034,76;21570344,92;602054,3920322144
BEST SENIOR OPERADORA DE SAÃDE LTDA;ES;62899121,26;20966373,753333334;4083505,3172487924
PLAMED PLANO DE ASSISTENCIA MEDICA LTDA;SE;62363206,25;20787735,416666668;5363408,610814893
PLADISA PLANOS DE SAÃDE SA;SC;62257825,589999996;20752608,53;3728427,534999638
FUNDACAO LEONOR DE BARROS CAMARGO;SP;60791389,5;20263796,5;4261391,020702892
UNIMED DE ANDRADINA - COOPERATIVA DE TRABALHO MÃDICO;SP;60385685,81;20128561,936666667;619726,0113086486
PRONTOMED PLANOS DE SAÃDE LTDA;MG;60049223,53;20016407,843333334;3386096,274590362
MATÃO CLINICAS & AMHMA SAÃDE LTDA;SP;59898264,519999996;19966088,173333332;2490375,455953218
GOCARE PLANOS DE SAUDE LTDA;SP;59807608,58;19935869,526666667;2426859,9548841855
UNIMED GUAXUPÃ COOPERATIVA DE TRABALHO MEDICO;MG;59765697,96;19921899,319999997;671198,3022984433
ASSOCIAÃÃO POLICIAL DE ASSISTÃNCIA Ã SAÃDE;SP;59730581,29;19910193,76333333;706724,3946065473
ASSOCIAÃÃO DE SAÃDE DOS FORNECEDORES DE CANA DE PIRACICABA E REGIÃO;SP;59564585,44;19854861,813333333;3517192,889291024
ASSOCIAÃÃO DE ASSISTÃNCIA MÃDICO HOSPITALAR DOS MAGISTRADOS DO ESTADO DO PARANÃ;PR;59354092,38;19784697,46;3132634,3870850676
UNIMED CENTRO PAULISTA - FEDERAÃÃO INTRAFEDERATIVA DAS COOPERATIVAS MÃDICAS;SP;59303582,0;19767860,666666668;4599436,008285889
SUL AMÃRICA ODONTOLÃGICO S/A;SP;59116111,21;19705370,403333332;2468099,77890622
UNIMED PATROCÃNIO COOPERATIVA DE TRABALHO MÃDICO LTDA.;MG;59023968,49;19674656,16333333;1557101,2975481933
UNIMED CAÃADOR COOPERATIVA DE TRABALHO MÃDICO DA REGIÃO DO CONTESTADO;SC;58416932,53;19472310,843333334;1121270,9564179687
CAIXA ASSISTENCIAL UNIVERSITÃRIA DO RIO GRANDE DO NORTE;RN;58310552,85;19436850,95;4737525,520560573
UNIMED ALTO DA SERRA - SOCIEDADE COOPERATIVA DE SERVIÃO MÃDICO LTDA.;RS;57881875,51;19293958,503333334;856357,1984124365
UNIMED DE IBITINGA COOPERATIVA DE TRABALHO MÃDICO;SP;57335093,660000004;19111697,886666667;1170223,391757655
SÃO DOMINGOS SAÃDE- ASSISTÃNCIA MÃDICA  LTDA;SP;56735002,67;18911667,55666667;2832409,733898311
AMEPLAN ASSISTÃNCIA MÃDICA PLANEJADA LTDA;SP;56535971,260000005;18845323,753333334;1093089,0525196155
UNIMED SÃO LOURENÃO COOPERATIVA DE TRABALHO MÃDICO;MG;56520978,92;18840326,30666667;809314,8205366015
UNIMED NORTE PAULISTA - COOPERATIVA DE TRABALHO MÃDICO;SP;56412136,02;18804045,34;570775,3946613916
ASSOCIAÃÃO MINEIRA DE ASSISTÃNCIA Ã SAÃDE DOS MEMBROS DO MINISTÃRIO PÃBLICO;MG;56110761,89;18703587,296666667;7461329,5991198765
SANTA CASA DE MISERICORDIA DE SAO JOAQUIM DA BARRA;SP;55987269,18;18662423,06;1641186,755119431
CAIXA DE ASSISTÃNCIA Ã SAÃDE DO SINDICATO DOS FUNCIONÃRIOS INTEGRANTES DO GRUPO OCUPACIONAL ADMINISTRAÃÃO TRIBUTÃRIA DO ESTADO DE PERNAMBUCO;PE;55610356,89;18536785,63;5276911,76014574
UNIMED DE AVARÃ COOPERATIVA DE TRABALHO MÃDICO;SP;55429207,19;18476402,39666667;619700,198483495
CAIXA DE ASSISTÃNCIA Ã SAUDE DOS EMPREGADOS DA CODEVASF - CASEC;DF;54668670,15;18222890,05;8532327,585341232
UNIMED DE BIRIGUI - COOPERATIVA DE TRABALHO MÃDICO;SP;54455485,92;18151828,64;844560,6263724281
UNIMED MARQUES DE VALENÃA COOPERATIVA DE TRABALHO MÃDICO LTDA.;RJ;54360406,12;18120135,373333335;838705,8428401803
UNIMED ALTO SÃO FRANCISCO COOPERATIVA DE TRABALHO MÃDICO;MG;53960474,92;17986824,973333333;857086,3799259146
UNIMED COSTA VERDE RJ;RJ;53745639,68;17915213,226666663;1123552,0942038766
INSTITUIÃÃO BENEFICENTE CEL MASSOT - IBCM;RS;53658095,78;17886031,926666666;3037394,679392353
ASSOCIAÃÃO DO PLANO DE SAÃDE DA SANTA CASA DE MISERICÃRDIA DE ITABUNA - PLANSUL;BA;53249961,81;17749987,27;1535025,4493685178
SISTEMAS E PLANOS DE SAÃDE LTDA.;SP;52839553,47;17613184,49;6934805,934054488
AMHA SAUDE S/A;SP;52753320,68;17584440,226666667;3559843,017834711
HOSPITAIS E CLÃNICAS DO PIAUÃ S/S LTDA;PI;52724614,06;17574871,353333335;2765372,7982816584
UNIMED NOROESTE FLUMINENSE - COOPERATIVA DE TRABALHO MÃDICO LTDA;RJ;52387973,16;17462657,72;2402223,5624561883
VITA ASSISTÃNCIA A SAÃDE LTDA.;MG;52333656,38;17444552,126666665;2123371,9037231375
FUNDAÃÃO LIBERTAS DE SEGURIDADE SOCIAL;MG;52127521,82;17375840,606666666;4088739,5221364484
ASSOCIAÃÃO SAÃDE SÃO JOSÃ;SC;52070921,49;17356973,830000002;2439042,7031677975
ASSOCIAÃÃO MAIS SAÃDE SANTA CASA DE SÃO JOÃO DA BOA VISTA;SP;51555853,34;17185284,44666667;3774587,4201401155
SÃO FRANCISCO ASSISTÃNCIA MÃDICA LTDA;PE;49728044,8;16576014,933333332;2660270,76586843
UNIMED SUDOESTE DE MINAS COOPERATIVA DE TRABALHO MÃDICO;MG;48340245,96;16113415,32;1357381,9349631816
UNIMED DE UBA COOPERATIVA DE TRABALHO MEDICO;MG;47598888,11;15866296,036666667;808145,429641256
DENTAL UNI - COOPERATIVA ODONTOLÃGICA;PR;47584246,67;15861415,556666667;2737802,02401591
CAIXA DE ASSISTÃNCIA DOS FUNCIONÃRIOS DO BANCO DA AMAZÃNIA - CASF;PA;47467189,6;15822396,533333333;2795559,079402527
CAIXA DE ASSISTÃNCIA SISTEMA SAÃDE INTEGRAL-SSI SAUDE;RS;47421015,26;15807005,086666668;5918110,7870132625
UNIMED NORTE DO PARANÃ COOPERATIVA REGIONAL DE TRABALHO MÃDICO;PR;47229638,45;15743212,816666668;626347,3004323405
ASSOCIAÃÃO POLICIAL DE ASSISTÃNCIA Ã SAÃDE DE BAURU;SP;47068760,01;15689586,67;6125831,616381984
AMAZÃNIA PLANOS DE SAÃDE LTDA;PA;46776460,37;15592153,456666669;4705622,546993673
SAMOC S.A. - SOCIEDADE ASSISTENCIAL MÃDICA E ODONTO CIRÃRGICA;RJ;46548644,870000005;15516214,956666669;2785356,431729332
ÃNICA ASSISTENCIA MEDICA LTDA ;SP;46544741,67;15514913,89;7660614,392460792
CAIXA DE ASSISTÃNCIA AOS MEMBROS DA DEFENSORIA PÃBLICA DO ESTADO DO RIO DE JANEIRO;RJ;46537886,05;15512628,683333332;2812772,7994689303
IRMANDADE DE MISERICÃRDIA DO HOSPITAL DA SANTA CASA DE MONTE ALTO;SP;46203494,93;15401164,976666667;2037354,3808005035
UNIMED DE TAUBATÃ COOPERATIVA DE TRABALHO MÃDICO;SP;45481383,31;15160461,103333334;1073811,1337226576
ASSOCIAÃÃO SÃO LUIZ SAÃDE;SP;45293775,54;15097925,18;2935979,4695095546
UNIMED VALE DO JAURU COOPERATIVA DE TRABALHO MÃDICO;MT;45219994,71;15073331,57;1352675,455051037
UNIMED GURUPI COOPERATIVA DE TRABALHO MÃDICO;TO;45011169,21;15003723,07;516248,630541775
ASSOCIAÃÃO FUNDO DE PROTEÃÃO Ã SAÃDE;PR;44610837,08;14870279,026666665;3685728,3112620935
IRMANDADE DA SANTA CASA DE MISERICÃRDIA DE PASSOS;MG;44454067,36;14818022,453333333;1347434,2653671622
UNIMED DE CAPIVARI -COOPERATIVA DE TRABALHO MÃDICO;SP;43823966,19;14607988,729999999;624598,5002045814
PLANO DE SAUDE ASES LTDA.;RJ;43707985,98;14569328,660000002;1901898,0635118985
UNIMED NOROESTE DE MINAS COOPERATIVA DE TRABALHO MEDICO LTDA;MG;43472837,14;14490945,713333333;895820,7764197977
UNIMED DE BARRETOS COOPERATIVA DE TRABALHO MÃDICO;SP;41921231,2;13973743,733333334;897614,2487004877
UNIMED TRÃS CORAÃÃES COOPERATIVA DE TRABALHO MÃDICO LTDA.;MG;41801590,42;13933863,473333335;798172,4807100501
UNIMED CATAGUASES COOPERATIVA DE TRABALHO MÃDICO LTDA;MG;41552436,76;13850812,253333332;444533,8250586659
UNIMED DE MINEIROS COOPERATIVA DE TRABALHO MÃDICO ;GO;41501363,59;13833787,863333335;815062,4140797274
ANAFE SAUDE;GO;41482857,21;13827619,069999998;4654452,124852735
UNITY SERVIÃOS INTEGRADOS DE SAÃDE LTDA.;DF;41378086,13;13792695,376666665;3216282,8633427834
LEADER ASSISTÃNCIA MÃDICA E HOSPITALAR LTDA.;SP;40998275,54;13666091,846666666;784005,7633499149
UNIMED DE PIRASSUNUNGA COOPERATIVA DE TRABALHO MÃDICO;SP;40711536,11;13570512,036666667;1088143,759436877
UNIMED INTRAFEDERATIVA FEDERAÃÃO REGIONAL SUL DE MINAS;MG;40580020,46;13526673,486666666;6162390,805388152
UNIMED DE TUPA COOPERATIVA DE TRABALHO MÃDICO;SP;40552046,62;13517348,873333333;541535,385133483
CONFERÃNCIA SÃO JOSÃ DO AVAÃ;RJ;40193731,63;13397910,543333335;1722634,6439687402
MAIS SAÃDE PLANO DE SAÃDE LTDA;GO;39950266,88;13316755,626666667;1239465,5106344675
ASSOCIAÃÃO DOS AUDITORES FISCAIS DO ESTADO DA PARAÃBA - AFRAFEP;PB;39806325,08;13268775,026666665;6593834,826872799
ASSOCIAÃÃO DOS FUNCIONÃRIOS DO FISCO DO ESTADO DE GOIÃS;GO;39589571,75;13196523,916666666;5331073,338515798
GS PLANO GLOBAL DE SAÃDE LTDA;RJ;39281683,66;13093894,553333333;1824869,3548086819
UNIMED PONTAL DO TRIÃNGULO - COOPERATIVA DE TRABALHO MÃDICO;MG;39176271,28;13058757,093333334;807570,2810430176
SAÃDE BRASIL ASSISTÃNCIA MÃDICA LTDA.;SP;39000790,95;13000263,65;2234256,7387537085
UNIMED CARATINGA - COOPERATIVA DE TRABALHO MÃDICO LTDA;MG;38694670,38;12898223,459999999;747129,6280958012
SANTA CASA DE MISERICÃRDIA DE VOTUPORANGA;SP;38460489,78;12820163,26;1759512,6846168127
IRMANDADE DE MISERICORDIA DE PORTO FERREIRA;SP;38369475,82;12789825,273333333;4901083,855354404
UNIMED VIÃOSA - COOPERATIVA DE TRABALHO MÃDICO;MG;37842755,53;12614251,843333334;600275,8414229036
UNIMED FRUTAL COOPERATIVA DE TRABALHO MEDICO LTDA;MG;37570693,1;12523564,366666667;416757,70599590987
INTERMEDICI PIRACICABA ASSISTENCIA MEDICA LTDA;SP;37383348,14;12461116,046666667;1736731,4788635871
CAIXA DE ASSISTÃNCIA DOS EMPREGADOS DO BANEB;BA;37041900,839999996;12347300,280000001;2767298,3534850106
OPERADORA DE PLANOS PRIVADOS DE SAÃDE - SANTA CASA SAÃDE LTDA;MS;36882112,17;12294037,39;2117424,1357999225
UNIMED DE MOCOCA COOPERATIVA DE TRAB. MÃDICO;SP;36641320,66;12213773,553333333;769328,7817238085
UNIMED PLANALTO CENTRAL/RS - COOPERATIVA DE ASSISTÃNCIA  Ã SAÃDE LTDA.;RS;36231649,05;12077216,35;599480,1553604988
UNIMED VALE DO PIQUIRI-COOPERATIVA DE TRABALHO MÃDICO VALE DO PIQUIRI ;PR;35697248,08;11899082,693333333;951041,9627568069
UNIMED VERTENTE DO CAPARAÃ - COOPERATIVA DE TRABALHO MÃDICO LTDA;MG;35180968,9;11726989,633333333;808240,1921447323
UNIMED DE SAO JOSÃ DO RIO PARDO-COOP. DE TRAB. MÃDICO;SP;34616962,62;11538987,540000001;891105,6247613789
ASSOCIAÃÃO DO FISCO DE ALAGOAS;AL;34574930,68;11524976,893333333;4276687,879016789
CAIXA DE ASSISTÃNCIA DOS MAGISTRADOS DE PERNAMBUCO;PE;34464799,05;11488266,35;1775664,409815997
FUNDAÃÃO FILANTRÃPICA E BENEFICENTE DE SAÃDE ARNALDO GAVAZZA FILHO;MG;34447046,54;11482348,846666666;1145267,2799295338
ASSOCIAÃÃO PARANAENSE DE ASSISTÃNCIA Ã SAUDE DOS MEMBROS DO MINISTERIO PUBLICO DO PARANÃ;PR;34064685,0;11354895,0;2546888,076512871
PLANO ODONTOLÃGICO DENTALVIDAS LTDA.;SP;33874010,260000005;11291336,753333336;4907019,777268575
UNIMED VILHENA - COOPERATIVA DE TRABALHO MEDICO LTDA;RO;33547181,990000002;11182393,996666668;553000,5179309981
BRASILDENTAL OPERADORA DE PLANOS ODONTOLÃGICOS S.A.;SP;32478009,380000003;10826003,126666667;2991161,4504537242
UNIMED DE DRACENA - COOPERATIVA DE TRABALHO MÃDICO;SP;32312273,89;10770757,963333333;378908,04694391915
UNIMED REGIÃO DA CAMPANHA/RS - COOPERATIVA DE ASSISTÃNCIA Ã SAÃDE LTDA.;RS;32169226,87;10723075,623333333;540596,1922784382
UNIMED ALFENAS COOPERATIVA DE TRABALHO MEDICO;MG;31944964,59;10648321,53;961036,1747764553
UNIMED REGIÃO DA PRODUÃÃO/RS - COOPERATIVA DE ASSISTÃNCIA Ã SAÃDE LTDA;RS;31875832,400000002;10625277,466666667;641086,0099537155
POLI SAUDE OPERADORA DE PLANO DE SAUDE LTDA;PR;31580310,35;10526770,116666667;1564407,8377005511
AMEP FREGUESIA OPERADORA DE PLANO DE SAUDE LTDA;RJ;31444538,7;10481512,9;2473789,90067177
UNIMED LEOPOLDINA COOPERATIVA DE TRABALHO MÃDICO LTDA;MG;31397351,9;10465783,966666667;889621,0725776536
FUNDAÃÃO DE ASSISTÃNCIA Ã SAÃDE DA ASSOCIAÃÃO DO MINISTÃRIO PÃBLICO DO RIO GRANDE DO SUL;RS;31206343,34;10402114,446666667;3780805,0994842933
UNIMED DE ADAMANTINA-COOPERATIVA DE TRABALHO MÃDICO;SP;31111104,47;10370368,156666666;323829,89760183124
UNIODONTO DE SÃO JOSÃ DOS CAMPOS COOPERATIVA DE TRABALHO ODONTOLÃGICO;SP;31075101,57;10358367,19;1054794,6548157046
UNIMED SÃO SEBASTIÃO DO PARAÃSO COOPERATIVA DE TRABALHO MÃDICO;MG;30758133,59;10252711,196666667;532257,4477840774
UNIMED ALTO JACUÃ/RS - COOPERATIVA DE ASSISTÃNCIA Ã SAÃDE LTDA;RS;29042512,31;9680837,436666667;530950,9861465923
PREVIDENT ASSISTÃNCIA ODONTOLÃGICA S.A;SP;28732919,4;9577639,799999999;1810641,6752017841
SF SISTEMAS DE SAÃDE LTDA;SP;28696619,58;9565539,86;398945,55710375356
FEDERAÃÃO DAS SOCIEDADES COOPERATIVAS DE TRABALHO MÃDICO DO ACRE, AMAPÃ, AMAZONAS, PARÃ, RONDONIA E RORAIMA;AM;28548793,98;28548793,98;1896633,7481458234
TERRAMAR ADMINISTRADORA DE PLANO DE SAUDE LTDA;BA;28182210,77;9394070,256666668;3968710,4239050825
AMPARA ASSISTÃNCIA MÃDICA PARAÃSO LTDA;MG;27662300,74;9220766,913333332;991200,5688282115
UNIMED CALDAS NOVAS - COOPERATIVA DE TRABALHO MEDICO;GO;27005765,59;9001921,863333333;833109,7156177288
ASSOCIAÃÃO POLICIAL DE ASSISTÃNCIA Ã SAÃDE DE RIBEIRÃO PRETO (APAS);SP;26910994,07;8970331,356666667;805924,4129111677
CAIXA DE ASSISTÃNCIA DOS EMPREGADOS DO BANESE;SE;26848253,22;8949417,74;4099954,158126586
FILOSANITAS SAUDE LTDA;SP;26641643,35;8880547,783333333;1166407,992555239
ASSOCIAÃÃO PLANO DE SAÃDE SANTA CASA DE VALINHOS;SP;26034191,93;8678063,976666667;370130,65827321395
ASSOCIAÃÃO DOS AUDITORES FISCAIS DA RECEITA ESTADUAL DO RIO DE JANEIRO;RJ;25440354,48;8480118,16;1965412,7679930776
UNIMED VALE DO URUCUIA - COOPERATIVA DE TRABALHO MEDICO LTDA;MG;25278202,259999998;8426067,42;2925800,842720137
PRONTOCLINICA E HOSPITAIS SAO LUCAS S/A;MG;25102711,88;8367570,626666666;645091,9315346985
UNIMED PATOS - COOPERATIVA DE TRABALHO MÃDICO;PB;24724267,04;8241422,346666667;863046,3077802801
PLAMER PLANO MEDICO RESENDE LTDA;RJ;24331093,14;8110364,38;259576,2878448705
UNIMED SUDOESTE PAULISTA COOPERATIVA DE TRABALHO MÃDICO;SP;24023677,86;8007892,62;618703,1299325036
SOCIEDADE BENEFICENTE DEZOITO DE JULHO;MG;23721781,34;7907260,446666665;1871568,1797335767
IRMANDADE DA SANTA CASA DE MISERICÃRDIA E MATERNIDADE DONA ZILDA SALVAGNI;SP;23716505,52;7905501,84;263543,67005335813
ASSOCIAÃÃO DOS EMPREGADOS DA COMPANHIA ESTADUAL DE HABITAÃÃO E OBRAS PÃBLICAS - ASSEC;SE;23681505,509999998;7893835,169999999;3741821,876971998
SBC SAÃDE LTDA.;SP;23481846,04;7827282,013333333;1990221,045862363
UNIMED TRÃS PONTAS - COOPERATIVA DE TRABALHO MÃDICO;MG;23403428,31;7801142,7700000005;515263,1398940032
ASSOCIAÃÃO SAÃDE CONCEIÃÃO;SC;23401359,76;7800453,253333333;2319584,41079519
UNIMED VALE DO CORUMBÃ COOPERATIVA DE TRABALHO MEDICO;GO;23386387,15;7795462,383333333;836669,9575847515
UNIMED DE MONTE ALTO - COOPERATIVA DE TRABALHO MÃDICO;SP;23342404,31;7780801,436666667;515794,7162962112
ASSOCIACAO DOS PROFESSORES UNIVERSITÃRIOS DA BAHIA;BA;23218416,14;7739472,046666667;1859910,05355147
UNIMED REGIÃO DA FRONTEIRA - RS COOPERATIVA DE ASSISTÃNCIA Ã SAÃDE LTDA.;RS;23037477,9;7679159,3;550427,174713218
UNIMED DE PENAPOLIS - COOPERATIVA DE TRABALHO MEDICO;SP;22782121,38;7594040,46;299254,4623081998
UNIODONTO BELÃM - COOPERATIVA DE ASSISTÃNCIA Ã SAÃDE ODONTOLÃGICA;PA;22608694,26;7536231,419999999;960246,0222982242
TRINO - ALIANCA FILANTRÃPICA DE ASSISTÃNCIA E INTEGRAÃÃO PARA O DESENVOLVIMENTO DA SAUDE;ES;22599957,2;7533319,066666666;3199844,050420402
UNIMED DE CORUMBA COOPERATIVA DE TRABALHO MÃDICO;MS;22492400,39;7497466,796666667;1011531,9317476788
UNIMED CACERES COOPERATIVA DE TRABALHO MÃDICO ;MT;22152803,35;7384267,783333334;328472,74263191037
ADVANCE PLANOS DE SAÃDE LTDA;SP;22114059,11;7371353,036666666;2722313,948266566
FEDERAÃÃO DAS COOP ODONTOLÃGICAS DO ESTADO DE SANTA CATARINA;SC;22076416,15;7358805,383333333;1993755,090601041
ASSOCIAÃÃO POLICIAL DE ASSISTÃNCIA Ã SAÃDE DE ARAÃATUBA (APAS);SP;21832399,42;7277466,473333334;3137923,0277960384
UNIMED DE REGISTRO COOPERATIVA DE TRABALHO MÃDICO;SP;21776211,84;7258737,28;267547,6792606435
SANTA CASA DE MISERICORDIA HOSPITAL SÃO VICENTE;SP;21562391,14;7187463,713333334;1572924,5518649782
ASSOCIAÃÃO GOIANA DO MINISTÃRIO PÃBLICO;GO;21449342,13;7149780,710000001;2448396,9478550786
UNIX SAÃDE S.A;BA;21141635,26;7047211,753333334;1035831,484304265
ASSOCIAÃÃO SANTA CASA CLÃNICAS DE BIRIGUI;SP;21071446,49;7023815,496666666;988314,167342996
SV SAUDE ADMINSTRADORES DE PLANO DE SAUDE LTDA;RJ;21018983,81;7006327,9366666665;1992578,4234152376
PB ASSISTENCIA MEDICA EU LTDA;BA;20970965,01;6990321,670000001;1947113,0591394268
ASSOCIAÃÃO POLICIAL DE ASSISTÃNCIA A SAÃDE DA BAIXADA SANTISTA;SP;20877152,15;6959050,716666666;2971230,3947855774
TOTAL ASSISTÃNCIA MÃDICA HOSPITALAR LTDA;MG;20252242,39;6750747,463333334;3177042,7081876583
UNIMED REGIONAL DE FLORIANO - COOPERATIVA DE TRABALHO MÃDICO;PI;19631705,62;6543901,873333334;773290,4332104567
EVANGELICO SAUDE LTDA.;PR;19166683,43;6388894,476666667;838609,9165815493
UNIMED PONTE NOVA COOPERATIVA DE TRABALHO MEDICO LTDA;MG;19126689,73;6375563,243333333;633359,0242105363
COOPERATIVA DOS USUÃRIOS DE SERVIÃOS DE SAÃDE DO VALE DO RIO DOS SINOS LTDA;RS;19122574,86;6374191,62;2786337,450629152
CAIXA DE ASSISTÃNCIA DO SINDFISCO - CASSIND;SE;18727661,77;6242553,923333333;2365015,460525353
PESSOAL SAÃDE PLANOS DE ASSISTÃNCIA MÃDICA LTDA;SP;18557173,0;6185724,333333333;321334,04353047867
COOPERATIVA DOS USUÃRIOS DE SERVIÃOS DE SAÃDE LTDA.;RS;18526846,1;6175615,366666667;1508666,8005634884
UNIMED VALE DO CARANGOLA COOPERATIVA DE TRABALHO MEDICO LTDA;MG;18505119,18;6168373,06;478014,79340157274
SOCIEDADE PORTUGUESA DE BENEFICÃNCIA;RS;18434460,3;6144820,100000001;845775,5041836532
UNIMED DE JATAÃ COOPERATIVA DE TRABALHO MÃDICO LTDA.;GO;18298698,26;6099566,086666666;187574,2427385263
MAIS SAUDE S/A;ES;18290732,05;9145366,025;1716177,3644343445
AME VVIDA PLANOS DE SAUDE INTEGRADO LTDA.;RO;18232582,71;6077527,57;2952750,5788221546
CARE PLUS ODONTOLOGIA ASSISTENCIAL LTDA.;SP;17653139,009999998;5884379,669999999;1659211,6289494033
SANTA CASA DE MISERICÃRDIA E BENEFICÃNCIA PORTUGUESA;SP;17651199,64;5883733,213333334;1524287,4441839757
UNIODONTO DE FORTALEZA COOPERATIVA DE TRABALHO ODONTOLOGICO LTDA;CE;17596950,49;5865650,163333334;1034197,2377951136
BIO SAÃDE SERVIÃOS MÃDICOS LTDA;SP;17479023,44;5826341,146666667;1778431,6457681025
DESBAN - FUNDAÃÃO BDMG DE SEGURIDADE SOCIAL;MG;17412261,88;5804087,293333333;1611800,148941426
UNIMED CAJAZEIRAS - SOCIEDADE COOPERATIVA DE TRABALHO MÃDICO;PB;16730818,91;5576939,636666667;1907856,1652280155
UNIMED SÃO JOÃO NEPOMUCENO COOPERATIVA DE TRABALHO MÃDICO LTDA.;MG;16725933,01;5575311,003333334;439685,90595132427
AURORA SAÃDE LTDA;MG;16650825,01;5550275,003333333;1516640,3325224556
UNIMED MACHADO COOPERATIVA DE TRABALHO MEDICO;MG;16607901,91;5535967,303333334;310382,43237311556
UNIODONTO REGIONAL COOPERATIVA ODONTOLOGICA;MG;16512866,53;5504288,843333333;948715,4308766156
VIDA TOP MAIS SAÃDE OPERADORA DE PLANOS DE SAÃDE LTDA.;SP;16272734,51;5424244,836666666;1402495,2232015722
UNIODONTO PORTO ALEGRE COOPERATIVA ODONTOLOGICA LTDA;RS;16164172,99;5388057,663333333;1002249,8227629911
HOSPITAL DE PRONTOCLINICA LTDA.;RS;15987341,21;5329113,736666667;1086493,6113025013
ASSOCIAÃÃO VALEPARAIBANA DE ASSISTÃNCIA MÃDICA POLICIAL;SP;15894300,26;5298100,086666667;1412507,1851128922
FUNASA SAÃDE;PB;15514988,97;5171662,99;1072537,7384293564
UNIODONTO DE SC COOPERATIVA ADMINISTRADORA DE CONTRATOS;SC;15360968,790000001;5120322,93;837041,5238579018
UNIODONTO MACEIÃ COOPERATIVA ODONTOLÃGICA;AL;15298336,860000001;5099445,62;2471641,7240248807
SANTA CASA DE SAÃDE - SCS;ES;15178392,89;5059464,296666667;732514,9143904194
ATÃVIA SERVIÃOS DE SAÃDE S/A;SP;15047950,379999999;7523975,1899999995;707533,8631879236
ASSOCIAÃAO UNISAUDE MARAU;RS;15027331,290000001;5009110,43;1321355,8056669533
UNIODONTO GOIANIA COOPERATIVA DE CIRURGIÃES DENTISTAS;GO;14992259,06;4997419,6866666665;497054,2280039181
UNIODONTO/RN - COOPERATIVA ODONTOLOGICA DO RIO GRANDE DO NORTE;RN;14931880,42;4977293,473333334;824741,8920544089
UNIODONTO PIRACICABA - COOPERATIVA ODONTOLÃGICA;SP;14888002,95;4962667,649999999;1027748,0238062264
UNIDENTIS ASSISTENCIA ODONTOLOGICA LTDA.;PB;14619744,379999999;4873248,126666666;52317,01968465986
ATITUDE SAÃDE ASSISTÃNCIA MEDICA LTDA;BA;14606072,549999999;4868690,850000001;1155699,2554843621
ASSOCIACAO POLICIAL DE ASSISTENCIA A SAUDE DE PRESIDENTE PRUDENTE (APAS);SP;14208352,799999999;4736117,6;1941783,1484044623
UNIMED MORRINHOS COOPERATIVA DE TRABALHO MEDICO;GO;13922841,66;4640947,22;369754,13233411167
RIO DOCE SAÃDE;ES;13786662,81;4595554,2700000005;1049181,1030562355
UNIMED DO OESTE DA BAHIA COOPERATIVA DE TRABALHO MÃDICO;BA;13612437,45;4537479,149999999;580863,1362271566
NACIONAL ODONTO OPERADORA DE PLANOS ODONTOLÃGICOS LTDA.;PE;13470410,94;4490136,98;1077080,8917270233
ON MED ASSISTÃNCIA MÃDICA LTDA;RS;13470292,36;4490097,453333333;1301175,8801132126
UNIMED CAMPO BELO- COOPERATIVA DE TRABALHO MÃDICO;MG;12496968,68;4165656,2266666666;220868,31317863148
SUL DO PARÃ LTDA;PA;11879424,860000001;3959808,286666667;1887986,3397358311
FUNDACAO CAPITAL PREVIDENCIA E SAUDE - CAPITAL PREV;ES;11725027,870000001;5862513,9350000005;1043605,1125643606
FUNDAÃÃO PLAMHUV - PLANO MÃDICO HOSPITALAR DOS HOSPITAIS UNIDOS DE VIÃOSA;MG;11639026,82;3879675,606666667;646478,119083931
ASSOCIAÃÃO POLICIAL DE ASSISTÃNCIA A SAÃDE;SP;11590076,78;3863358,9266666663;1755107,9471709263
UNIODONTO DO BRASIL CENTRAL NACIONAL DAS COOPERATIVAS ODONTÃLOGICAS;SP;11334969,71;3778323,236666667;621706,346823611
ODONTO EMPRESAS CONVENIOS DENTARIOS LTDA.;SP;11300071,12;3766690,3733333335;963525,1563356007
CAIXA DE ASSISTÃNCIA Ã SAÃDE DOS TRABALHADORES NAS INDÃSTRIAS METALÃRGICAS, MECÃNICAS E DO MATERIAL ELÃTRICO DE BRUSQUE;SC;11080021,8;3693340,6;1831654,9423238367
ASSOCIAÃÃO DOS FUNCIONÃRIOS FISCAIS DO ESTADO DO AMAZONAS - AFFEAM;AM;10797904,32;3599301,44;1498638,9594920955
ODONTOGROUP SISTEMA DE SAÃDE LTDA.;DF;10767485,13;3589161,7100000004;1377536,0932634224
UNIODONTO DE MANAUS - COOPERATIVA ODONTOLÃGICA LTDA.;AM;10695738,21;3565246,0700000003;449856,26421879634
UNIMED REGIONAL DE PICOS - COOPERATIVA DE TRABALHO MÃDICO;PI;10693218,219999999;3564406,073333333;1497243,62428345
UNIODONTO DE JOÃO PESSOA COOPERATIVA ODONTOLÃGICA;PB;10617246,72;3539082,24;857824,8570456763
SOCIEDADE DE ASSISTÃNCIA MÃDICA - SAMEISA;RS;10492791,16;3497597,053333333;1488264,7197003618
ASSOCIACAO DE SAUDE HOLAMBRA;SP;10428010,23;3476003,41;190885,14451730007
UNIODONTO PAULISTA-FEDERAÃÃO DAS COOPERATIVAS ODONTOLÃGICAS DO ESTADO DE SÃO PAULO;SP;10333259,81;3444419,936666666;567380,5223609689
VIVENTERIS LTDA;PR;10301581,94;3433860,646666667;186974,0178776708
ANGELI SISTEMAS DE SAUDE S.A.;PR;9963530,29;3321176,763333333;788309,0261363939
ASSOCIAÃÃO DOS SERVIDORES MUNICIPAIS, ESTADUAIS E FEDERAIS DO RIO DE JANEIRO;RJ;9951724,7;3317241,5666666664;916613,1900251835
CAIXA ASSISTENCIAL UNIVERSITARIA DO RIO DE JANEIRO;RJ;9863786,48;3287928,8266666667;1237586,8639792572
UNIMED SOUSA - COOPERATIVA DE TRABALHO MÃDICO;PB;9786681,62;3262227,2066666665;407474,9612785924
HOSPITAL CESAR LEITE;MG;9698972,25;3232990,75;370393,6328674798
PORTOMED - PORTO SEGURO SERVIÃOS DE SAUDE LTDA;SP;9498285,290000001;3166095,096666666;538695,6799935079
R.M.I. OPERADORA DE SAÃDE INTEGRADA LTDA;SP;9205292,25;4602646,125;1077296,941586625
ASSOCIAÃÃO POLICIAL DE ASSISTENCIA Ã SAUDE DE SAO JOAO DA BOA VISTA;SP;8894490,209999999;2964830,0700000003;1489164,1729663168
OPLAN SAÃDE OPERADORA DE PLANO DE SAÃDE LTDA;RJ;8869131,31;2956377,1033333335;541023,387044525
CONFIANÃA ASSISTÃNCIA MÃDICO HOSPITALAR LTDA;MG;8834320,2;2944773,4;1029252,6424833715
HOSPITAL S.P. LTDA.;RS;8616597,719999999;2872199,2399999998;699678,0512839928
ASSOCIAÃÃO BENEFICENTE CATÃLICA;MG;8572508,83;2857502,9433333334;233912,34953225916
UNIODONTO DE AMERICANA COOPERATIVA ODONTOLÃGICA;SP;8503749,24;2834583,08;438221,151875614
SISTEMA TOTAL DE SAÃDE LTDA.;SP;8097772,92;2699257,64;550925,7459119732
UNIMED VALE DO PARAÃBA - FEDERAÃÃO INTRAFEDERATIVA DAS COOPERATIVAS MÃDICAS;SP;8024704,29;2674901,43;1117269,3916073446
PLANO ASSISTENCIAL SÃO LUCAS LTDA;MG;7983545,529999999;2661181,8433333333;837405,1048809501
PRONTO SOCORRO CONDE DE MOREIRA LIMA;SP;7980944,26;2660314,7533333334;294484,24964017695
MEDIC GLOBAL PLANOS DE SAÃDE LTDA.;MG;7968071,2299999995;2656023,7433333327;524511,5750949814
PRIMA VIDA ODONTOLOGIA DE GRUPO LIMITADA;RJ;7657342,27;2552447,4233333333;370113,50200219784
PLAMESC PLANOS DE SAÃDE LTDA;RJ;7540043,67;2513347,89;357373,4492333925
FUNDO DE ASSISTÃNCIA Ã SAÃDE DOS FUNCIONÃRIOS DO BEC;CE;7468702,200000001;2489567,4000000004;1203653,9527129396
UNIMED DE BATATAIS - COOPERATIVA DE TRABALHO MÃDICO;SP;7443073,24;2481024,4133333336;159465,85673313684
AME-ASSISTÃNCIA MÃDICA A EMPRESAS LTDA;MG;7379982,28;2459994,0933333333;418827,3363021174
MEDGOLD ASSISTENCIA MEDICA LTDA - ME;MG;7205512,6;2401837,533333333;337486,4518321952
PERSONAL CARE OPERADORA DE SAÃDE SA;SP;7105405,23;3552702,615;121656,12211007893
VALE PLANOS DE SAÃDE LTDA;PE;7046002,47;2348667,4899999998;539044,3984105793
ASSOCIACAO CIVIL PRÃ-SAÃDE DOS SERVIDORES DA UNIVERSIDADE ESTADUAL DE PONTA GROSSA;PR;7018740,91;2339580,303333333;274855,20820586506
ASSOCIACAO POLICIAL DE ASSISTENCIA A SAUDE DE ITAPETININGA;SP;7011378,9;2337126,3000000003;776108,4231012856
S1 OPERADORA DE PLANO DE SAÃDE LTDA;DF;6862163,17;2287387,723333333;128620,74650877387
CEDPLAN SAÃDE LTDA EPP;MG;6826280,63;2275426,876666667;433923,2716817897
UNIODONTO DE ARARAQUARA COOPERATIVA ODONTOLÃGICA;SP;6750799,800000001;2250266,6;460849,21946816496
SERVDONTO - PLANO DE ASSISTÃNCIA ODONTOLÃGICA LTDA;SE;6694045,02;2231348,34;1038631,5170009421
ORALE ASSISTÃNCIA ODONTOLÃGICA LTDA;BA;6692401,48;2230800,4933333336;725983,0751000243
TELOS - FUNDAÃÃO EMBRATEL DE SEGURIDADE SOCIAL;RJ;6654831,48;2218277,16;647580,1829183389
COMSEDER - COOPERATIVA DE ASSISTÃNCIA MÃDICA DOS SERVIDORES DA SUPLAN E DO DER LTDA;PB;6517974,23;2172658,0766666667;543765,0668508208
SANTA CASA DE MISERICÃRDIA DE TUPÃ;SP;6517476,03;2172492,0100000002;496160,0574606833
NOSAMED ASSISTÃNCIA MÃDICA LTDA.;SP;6381053,02;2127017,6733333333;365871,8837900399
ASSOCIAÃÃO UNIVIDA SANTA RITA DO PASSA QUATRO;SP;6379135,82;2126378,6066666665;340211,8347859353
UNIODONTO UBERABA - COOPERATIVA DE ASSISTÃNCIA Ã SAÃDE ODONTOLÃGICA LTDA;MG;6282279,51;2094093,17;633687,4208073602
UNIODONTO DE SOROCABA COOPERATIVA ODONTOLÃGICA;SP;6091021,55;2030340,5166666666;478276,832387133
VOCÃ TOTAL PLANOS DE SAÃDE LIMITADA;SP;6014804,000000001;3007402,0;901801,3739024072
FUNDO DE ASSISTÃNCIA MÃDICO-HOSPITALAR DO MINISTÃRIO PÃBLICO;MS;6013242,51;2004414,17;656106,6470612921
CAIXA BENEFICENTE DOS FUNCIONÃRIOS DO GRUPO IGUAÃU;PR;5632054,88;1877351,6266666667;665822,1200324902
DONA SAÃDE CLINICAS LTDA ;SP;5243627,9399999995;1747875,9799999997;216577,66850568858
UNIODONTO DE JUNDIAÃ COOPERATIVA ODONTOLÃGICA;SP;5222574,6;1740858,2;222240,14060711543
UNIODONTO VALE HISTORICO COOPERATIVA ODONTOLOGICA;SP;5164805,44;1721601,8133333335;455350,0213045485
PLENUM ASSISTENCIA MEDICA  LTDA;DF;5144101,82;2572050,91;536746,1599999998
ASSOCIAÃÃO POLICIAL DE ASSISTÃNCIA Ã SAÃDE DE DRACENA;SP;5119537,47;1706512,4900000002;461855,54881717387
ASSOCIAÃÃO POLICIAL DE ASSISTÃNCIA Ã SAÃDE DE BARRETOS;SP;5078171,33;1692723,7766666666;94590,93898111267
ASSOCIAÃÃO SAÃDE RURAL ALEGRETE;RS;5044830,7299999995;1681610,2433333334;766536,9279503846
ASSOCIAÃÃO POLICIAL DE ASSISTÃNCIA Ã SAÃDE DE PRESIDENTE VENCESLAU;SP;4963627,4799999995;1654542,4933333332;799805,9792087729
CARING SAÃDE ASSISTÃNCIA MÃDICA LTDA.;RJ;4949606,18;1649868,7266666666;212950,6262753834
ASSOCIAÃÃO DOS SERVIDORES PÃBLICOS DA ADMINISTRAÃÃO DIRETA DO GOVERNO DO ESTADO DO PARÃ - ASPARÃ;PA;4903025,45;1634341,8166666667;608964,6382006444
SEMPRE ODONTO PLANOS ODONTOLOGICOS LTDA;RJ;4655676,76;1551892,2533333332;425362,03457125934
UNIODONTO DO SUL GOIANO COOPERATIVA ODONTOLOGICA;GO;4539824,92;1513274,9733333334;588573,5260774283
COOPERATIVA ODONTOLÃGICA POÃOS DE CALDAS;MG;4524377,04;1508125,68;514668,8960614767
ODONTOART PLANOS ODONTOLÃGICOS LTDA;CE;4496499,58;1498833,1933333334;408461,74501920026
CAIXA DE ASSISTÃNCIA DOS EMPREGADOS DO SETOR PÃBLICO DO ESTADO DE GOIÃS - CAEME;GO;4402270,71;1467423,57;757031,3552199049
UNIODONTO JACAREÃ COOPERATIVA ODONTOLÃGICA;SP;4318228,3;1439409,4333333333;191221,48187790575
UNIODONTO ESPIRITO SANTO COOPERATIVA ODONTOLOGICA;ES;4263430,77;1421143,5899999999;336573,33895552787
PRESERVE SAUDE ASSISTENCIA MEDICA LTDA;BA;4263238,55;1421079,5166666666;320812,9049097452
UNIODONTO MARINGA COOPERATIVA ODONTOLOGICA;PR;4229977,9399999995;1409992,6466666665;515446,7447229781
ASSOCIAÃÃO HOSPITAL SAÃDE DE VARGEM GRANDE DO SUL;SP;4109653,8400000003;1369884,6133333333;337787,70461643557
ASSOCIAÃÃO POLICIAL DE ASSISTENCIA A SAUDE DE BOTUCATU;SP;4105281,5300000003;1368427,1766666668;783616,4922917883
MEDHEALTH PLANOS DE SAÃDE LTDA;PR;4099343,52;1366447,84;528565,9726580118
ASSOCIAÃÃO POLICIAL DE ASSISTÃNCIA Ã SAÃDE APAS;SP;4093003,13;1364334,3766666667;429846,36784752144
DENTALPAR ASSISTÃNCIA ODONTOLÃGICA EMPRESARIAL LTDA.;SP;4090471,5500000003;1363490,5166666668;39521,877710731904
ASSOCIACAO DOS SERVIDORES DA EMDAGRO - ASSEM;SE;3985944,5100000002;1328648,1700000002;643802,3086335028
PLANO VIDA SAUDE SERVIÃOS ODONTOLOGICOS LTDA;SE;3967593,4800000004;1322531,1600000001;436845,65077127196
SEPACO SAÃDE LTDA;SP;3930779,62;1310259,8733333333;659610,5373480868
PLANO DE ASSISTÃNCIA MÃDICA MINEIRA LTDA;MG;3831034,15;1277011,3833333333;287371,3290106283
UNIODONTO DE LONDRINA COOP. ODONTOLÃGICA;PR;3794446,5700000003;1264815,5233333334;236584,3679007921
AESP ODONTO ASSISTÃNCIA ODONTOLÃGICA S/S LTDA EPP;SP;3759050,48;1253016,8266666667;48265,84186927256
ASSOCIAÃÃO POLICIAL DE ASSISTÃNCIA Ã SAÃDE - VALE DO RIBEIRA;SP;3741020,1100000003;1247006,7033333334;425932,7286217827
RODRIGUES LEIRA ODONTOLOGIA LTDA.;SP;3713228,29;1237742,7633333334;217487,86764585163
ASSOCIAÃÃO POLICIAL DE ASSISTÃNCIA Ã SAÃDE DE JAÃ;SP;3712002,9200000004;1237334,3066666666;532429,0605859302
COOPERATIVA ODONTOLÃGICA DO ESTADO DO AMAPÃ;AP;3677251,85;1225750,6166666665;483315,8019393054
DENTAL CENTER LTDA;PB;3614383,7;1204794,5666666667;236876,76571082763
SD-M OPERADORA DE PLANOS DE SAUDE LTDA;RJ;3407055,31;1135685,1033333333;113630,89213226034
CAMIM OPERADORA DE PLANO DE SAÃDE LTDA;RJ;3399327,58;1133109,1933333334;23756,68785280525
UNIODONTO DE PRESIDENTE PRUDENTE COOPERATIVA ODONTOLOGICA;SP;3369339,7800000003;1123113,26;195324,0068468997
BENEFICENCIA SOCIAL BOM SAMARITANO;MG;3351172,8000000003;1117057,6;175526,79176564442
SAMIG - SERV. DE ASSISTENCIA MEDICA DA ILHA DO GOVERNADOR LTDA;RJ;3306942,34;1102314,1133333335;360687,30705033836
UNIMED NORTE/NORDESTE-FEDERAÃÃO INTERFEDERATIVA DAS SOCIEDADES COOPERATIVAS DE TRABALHO MÃDICO EM RECUPERAÃÃO JUDICIAL;PB;3303422,8899999997;1101140,9633333331;211097,0495806628
DENTAL MASTER LTDA - EPP;AL;3199812,2800000003;1066604,0933333335;494614,23951897543
ODONT-OPERADORA ODONTOLOGICA LTDA;SP;3145805,0100000002;1048601,6700000002;159383,94336120388
MH VIDA - OPERADORA DE PLANOS DE SAÃDE LTDA;RJ;3058180,4499999997;1019393,4833333333;473752,40410368517
SANTA CASA DE MISERICÃRDIA E ASILO DOS POBRES DE BATATAIS;SP;3015377,7399999998;1005125,9133333332;118633,32102722296
HSMED SAUDE LTDA;RJ;3010870,58;1003623,5266666667;32459,418349442723
ODONTOLIVE OPERADORA DE PLANOS ODONTOLÃGICOS LTDA.;SP;2841358,68;947119,5599999999;164455,89868131708
DENTAL PLUS CONVÃNIO ODONTOLÃGICO LTDA.;SP;2820541,87;940180,6233333334;40594,23308884177
CEAM BRASIL - PLANOS DE SAÃDE LTDA;MG;2733515,9499999997;2733515,9499999997;425505,2540262756
UNIODONTO RS FEDERACAO DAS UNIODONTOS DO RGS LTDA;RS;2703194,67;901064,89;251966,93728615454
DENTAL GOLD ASSISTÃNCIA ODONTOLÃGICA LTDA.;PB;2680411,14;893470,3799999999;34424,29324318608
UNIODONTO DE PINDAMONHANGABA COOP ODONTOLOGICA;SP;2622380,54;874126,8466666667;143672,24430095847
SALUSMED OPERADORA DE PLANOS DE SAUDE LTDA;SP;2598631,95;866210,65;396835,2952909228
ASSOCIAÃÃO DOS FISCAIS DE TRIBUTOS ESTADUAIS DO RS - AFISVEC;RS;2531983,37;843994,4566666667;346539,44283639675
COOPERATIVA DE TRABALHO ODONTOLOGICO - UNIODONTO ITAJUBÃ;MG;2496233,26;832077,7533333333;202271,48904544924
PORTO DIAS SAUDE LTDA.;PA;2413890,47;804630,1566666667;421499,32527235604
UNIMED ALTO PARANAIBA COOPERATIVA DE TRABALHO MEDICO;MG;2266685,26;755561,7533333333;92937,62463292155
CAIXA SEGURADORA ESPECIALIZADA EM SAÃDE S/A;SP;2264578,77;754859,59;353601,0788940745
ÃNIX OPERADORA DE PLANOS DE SAÃDE LTDA;RJ;2216142,21;738714,07;131833,47459556462
UNIODONTO DE SERTAOZINHO SP COOPERATIVA ODONTOLOGICA;SP;2203567,54;1101783,77;54261,56028415974
PLANO DE ASSISTÃNCIA ODONTOLÃGICA FAUCHARD LTDA. ME;BA;2075414,08;691804,6933333334;306722,8850536036
ASSOCIAÃÃO PADRE PIO PLANOS DE SAÃDE;SP;2065763,18;688587,7266666667;330578,8458849707
ASSOCIAÃÃO SERVIÃOS ODONTOLÃGICOS DA INDÃSTRIA DE MINAS GERAIS - ODONTOINDUSTRIA;MG;2051218,4699999997;683739,4899999999;63558,47854805896
ASSOC DE ASSIST Ã SAÃDE DOS SERV DAS UNIV E INST FED, EST E/OU FAC PART EM PE;PE;1934898,46;644966,1533333333;388563,2778729788
PREVENT SENIOR CORPORATE OPERADORA DE SAÃDE LTDA.;SP;1858636,63;619545,5433333333;138297,3980435849
CENTRO DE ENDOCRINOLOGIA DE JUNDIAÃ S/S LTDA;SP;1837649,72;612549,9066666666;59226,40427829558
HEALTH-MED SISTEMA DE SAUDE LTDA;RJ;1737107,5999999999;579035,8666666667;25096,26963213053
QUALIDONTO - QUALIDADE EM ODONTOLOGIA LTDA ;BA;1585655,25;528551,75;231947,10232277078
BLUZZ SAÃDE S/A;ES;1578683,03;526227,6766666668;180518,45943397423
ODONTO SEG OPERADORA DE PLANOS ODONTOLOGICOS S.A.;SP;1491360,02;497120,00666666665;28535,40714019693
UNIODONTO DE MATO GROSSO COOP TRAB ODONTOLOGICO LTDA;MT;1465512,04;488504,01333333337;108039,58572573948
PD BRASIL ASSISTENCIA ODONTOLOGICA LTDA;MG;1460358,09;486786,03;119789,06044706613
INNOVA PLANO DE SAUDE LTDA;RO;1414777,56;707388,78;401212,13999999996
SAME-SERVIÃO DE ASSISTÃNCIA MÃDICA EMPRESARIAL LTDA.;MA;1006907,45;335635,81666666665;166483,89148239492
ODILE SERVIÃOS DE SAÃDE LTDA.;SP;986028,02;328676,00666666665;72426,42387152924
SISTEMA PREVSAUDE DENTAL LTDA;CE;949872,53;316624,1766666667;13625,444751507064
CASA DE SAÃDE NOSSA SENHORA DE FÃTIMA  LTDA.;CE;936597,0;312199,0;29838,406939155895
SANTA CASA DA MISERICÃRDIA DE SÃO JOÃO DEL REI;MG;924065,36;308021,7866666667;70970,56304759182
INFINITY SAÃDE SUPLEMENTAR LTDA;MT;893664,4500000001;297888,14999999997;158296,63649470886
HOSPITAL DE CARIDADE SÃO VICENTE DE PAULO;PR;883474,4299999999;294491,4766666666;179271,0359403809
SORRIDEN CONVÃNIOS ODONTOLÃGICOS S.A.;SP;879575,0;293191,6666666667;143629,0388798206
CROWN ODONTOLOGIA DE GRUPO LTDA;SP;846374,28;282124,76;124066,08539518827
SAUDIA ASSISTENCIA MÃDICA LTDA;MG;813094,5700000001;271031,5233333334;102020,6136729332
EXCELÃNCIA PLANO DE SAÃDE S/A;ES;797028,46;398514,23;222815,15040801247
NOVODENTE S/A;RS;632288,1699999999;632288,1699999999;29129,906622912302
BRASIL ODONTO OPERADORA DE PLANOS ODONTOLÃGICOS LTDA;TO;581136,13;193712,04333333333;79815,65100410997
ODONTO PRIME S/S LTDA;CE;478543,30999999994;159514,43666666665;8757,224681919624
PLANO SIGMA SAÃDE LTDA;SP;434673,93;217336,965;41731,31175375123
PLAMEDH - PLANO DE ASSISTÃNCIA MÃDICO-HOSPITALAR LTDA;MG;396254,98;198127,49;4503,5799999999945
ASSISTÃNCIA MÃDICA 12 DE OUTUBRO LTDA;SP;392745,75;130915,25;8392,999455500747
ALMA ODONTO OPERADORA DE PLANOS ODONTOLOGICOS LTDA;SP;383300,12;127766,70666666667;7315,800275639553
BEMSTAR ASSISTENCIA MEDICA LTDA;BA;383272,89;127757,63;65768,73942764157
POLIMÃDICA SAÃDE SOCIEDADE SIMPLES LTDA;RS;383238,81;127746,27;52288,58794879752
G & M ASSESSORIA MEDICA EMPRESARIAL LTDA;RJ;383088,19;127696,06333333335;37498,61345275253
SMART CARE SISTEMAS MÃDICOS E ODONTOLÃGICOS LTDA.;SP;286461,05;143230,525;11570,037390205882
ZURICH SANTANDER BRASIL ODONTO LTDA.;SP;267253,68;89084,56;63043,9084256063
LIVRI OPERADORA DE PLANO DE SAÃDE LTDA;SP;153575,6;51191,86666666667;2850,6808489006435
CLÃNICA SÃO GABRIEL S/S LTDA;SP;112777,11;37592,369999999995;1666,8117126060147
SAGRADA SAÃDE ASSISTÃNCIA MÃDICA LTDA;MG;59209,11;19736,37;1435,2992775790576
SAUDE SALV ASSISTENCIA MEDICA LTDA;RO;35715,45;35715,45;0,0
SOCIODONTO PLANO DE ASSISTÃNCIA ODONTOLÃGICA LTDA;MG;32090,96;16045,48;1081,972404126004
CORPORE ADMINISTRADORA DE BENEFICIOS DA SAUDE LTDA;SP;7000,0;2333,3333333333335;3299,8316455372214
UNIMED PARAIBA - FEDERAÃAO DAS SOCIEDADES COOPERATIVAS DE TRABALHO MEDICO;PB;4108,29;1369,43;852,6459143552303
ARL ADMINISTRADORA DE BENEFÃCIOS LTDA.;SP;2840,0;946,6666666666666;1338,78883904653
PRO-SAUDE JARINU ASSISTENCIA MEDICA SUPLEMENTAR LTDA.;SP;0,0;0,0;0,0
YOU ASSISTÃNCIA MÃDICA LTDA.;MG;0,0;0,0;0,0
BCI ADMINISTRADORA DE BENEFÃCIOS LTDA.;SP;0,0;0,0;0,0
ATIMED ASSISTENCIA MEDICA LTDA;SP;0,0;0,0;0,0
BIORAL SISTEMA ODONTOLÃGICO LTDA.;SP;0,0;0,0;0,0
BIT LIFE BENEFÃCIOS LTDA;SP;0,0;0,0;0,0
AFFIX ADMINISTRADORA DE BENEFÃCIOS LTDA;SP;0,0;0,0;0,0
UNIC ASSISTENCIA MEDICA LTDA;SP;0,0;0,0;0,0
UNIVIDA USA OPERADORA EM SAUDE S/A;SP;0,0;0,0;0,0
HEALTH ADMINISTRADORA DE BENEFICIOS LTDA;SP;0,0;0,0;0,0
SALUPLAN ADMINISTRADORA DE BENEFÃCIOS LTDA;SP;0,0;0,0;0,0
NEXO - ADMINISTRADORA DE BENEFICIOS LTDA;SP;0,0;0,0;0,0
SAUDE VIVA ADMINISTRADORA DE BENEFICIOS LTDA;SP;0,0;0,0;0,0
ELITE SAUDE SERVICOS MEDICOS LTDA.;SP;0,0;0,0;0,0
ESPLENDOR ADMINISTRADORA DE BENEFÃCIOS LTDA.;DF;0,0;0,0;0,0
INTERCLINICAS PLANO VIDA USA OPERADORA DE SAUDE LTDA;SP;0,0;0,0;0,0
TOTAL SAUDE  ADMINISTRADORA DE BENEFICIOS EIRELI;ES;0,0;0,0;0,0
HOSPITAL MATERNIDADE SÃO VICENTE DE PAULO;CE;0,0;0,0;0,0
AMPLITUDE PLANOS DE SAUDE LTDA ;MG;0,0;0,0;0,0
